server_port,path,bytes,mtime,sha256,kind
21358,/root/autodl-tmp/mmb4dl/mllm/eval_results/_multiframe_smoke.json,2612,2026-09-27T15:57:23.403004+08:00,3729613ccd74a7a850e0aa5719090459cfa1b47161a905e6bccd38616593f557,json
21358,/root/autodl-tmp/mmb4dl/mllm/eval_results/_multiframe_smoke_reasonseg_val_thin.json,2937,2026-09-27T16:05:55.455816+08:00,5f5e15a2f23a8591fbca3d53dac9506c4bcb5783c7a042ba98a731e7ed077330,json
21358,/root/autodl-tmp/mmb4dl/mllm/eval_results/_multiframe_smoke_reasonseg_train_internal679x11.json,2891,2026-09-27T16:08:32.884310+08:00,e3e9f2563ed7c68c2ff0554ff3f8c2cc6b8093a5c93ca72f56283fdfd4aaac10,json
21358,/root/autodl-tmp/mmb4dl/mllm/eval_results/framepos3ep/metrics.json,2275,2026-09-13T12:53:33.587655+08:00,d2a7040433f0d7b30d8c7ff15394cd386f556639bbfea03d77380d8bebdb6104,json
21358,/root/autodl-tmp/mmb4dl/mllm/eval_results/grpo_tg/metrics.json,2280,2026-09-13T22:40:44.207348+08:00,2756b7177fc728579b25ead2798d9ab38c48d1b0a197bd46effb0cfb07e58d97,json
21358,/root/autodl-tmp/mmb4dl/mllm/eval_results/migration_b3/metrics.json,2277,2026-09-12T17:15:16.638484+08:00,83af6515640e517e60416858ffe4aed816d4e52517553eb423d2e10851981eff,json
21358,/root/autodl-tmp/mmb4dl/mllm/eval_results/official_ckpt_nometa/metrics.json,578,2026-09-02T16:34:34+08:00,69a20fe2a10080146c33d654cede64ae5cbc2f04a87a47dc6b414b8699ea9def,json
21358,/root/autodl-tmp/mmb4dl/mllm/eval_results/stage23_seqv3/metrics.json,1090,2026-08-26T13:14:23+08:00,92ed00549dc2ff426e3e5ade03d4136261cf585e1432f80762f1e7934e758bfd,json
21358,/root/autodl-tmp/mmb4dl/mllm/eval_results/stage2_full_seq/metrics.json,1099,2026-08-23T16:39:55+08:00,626851d1014b2281142f20804e2a2df3e220548c9d8a59866159d43511cf5efb,json
21358,/root/autodl-tmp/mmb4dl/mllm/eval_results/stage2_full_seqv2/metrics.json,1097,2026-08-25T14:49:45+08:00,5f9a45247e9c61c9f332f96e6405d41fa84cda2b6fcb85ff2632e037a10db97a,json
21358,/root/autodl-tmp/mmb4dl/mllm/eval_results/stage2_full_seqv3_mixed/metrics.json,1094,2026-08-27T19:28:21+08:00,abba8e7fb8cc317d62c62a4a2ff54390e837f11e7a28baf764d29824cb7467d1,json
21358,/root/autodl-tmp/mmb4dl/mllm/eval_results/stage2_full_seqv3_mixed/metrics_recomputed_20260829.json,1266,2026-08-29T21:26:06+08:00,111171f6f7c5524c73968238a3e2cb600a97b37c96e72df5065d286296cccf84,json
21358,/root/autodl-tmp/mmb4dl/mllm/eval_results/stage2_full_seqv3_mixed/metrics_recomputed_20260907_dual.json,2574,2026-09-07T21:30:30+08:00,d899fb4ccdf9d2c651dd2c2d2be8c8039eb1f5645662ebd6a4b68c6724d3a821,json
21358,/root/autodl-tmp/mmb4dl/mllm/eval_results/stage2_full_seqv3_mixed_b1/metrics.json,1268,2026-09-01T04:10:28+08:00,a75e0f57f12d09fb015afca9062718c798a1b101630b658deb3a4317c0a1a86e,json
21358,/root/autodl-tmp/mmb4dl/mllm/eval_results/stage2_full_seqv3_mixed_b1/metrics_recomputed_20260907_dual.json,2481,2026-09-07T21:31:18+08:00,245d19ecceb2cdabd7255dc70feacb55c25c652e028800f294423d38ae6046b5,json
21358,/root/autodl-tmp/mmb4dl/mllm/eval_results/stage2_full_seqv3_mixed_b2/metrics.json,1272,2026-09-02T13:45:11+08:00,31bdd00d1057b3af4ad2ed2584733a5e99b5eaca2948df670a92a85a567b3ece,json
21358,/root/autodl-tmp/mmb4dl/mllm/eval_results/stage2_full_seqv3_mixed_b2/metrics_recomputed_20260907_dual.json,2486,2026-09-07T21:32:07+08:00,7be57c8ecb914b22fdb93b48301f8002a8c355c3bf32bc0a4225ba2a8ee25cf3,json
21358,/root/autodl-tmp/mmb4dl/mllm/eval_results/stage2_full_seqv3_mixed_b3/metrics.json,1268,2026-09-05T17:28:48+08:00,6777e9e731270bf2122f86b30822326507d1edabcc730dbb4528e9ec037fcaea,json
21358,/root/autodl-tmp/mmb4dl/mllm/eval_results/stage2_full_seqv3_mixed_b3/metrics_recomputed_20260907_dual.json,2481,2026-09-07T21:32:53+08:00,6d589631f89a2155770aa85069c48e0845f1468f7c607b7f8cc467bff0c59cd5,json
21358,/root/autodl-tmp/mmb4dl/mllm/eval_results/stage2_full_seqv3_mixed_b4a/metrics.json,2482,2026-09-08T18:18:27+08:00,30e6c3312a9eda24f65ecf000f0d65d723ec1646644d7b36196266be5f3e7708,json
21358,/root/autodl-tmp/mmb4dl/mllm/eval_results/reasonseg-tvenc/metrics.json,309,2026-09-21T20:04:53.374086+08:00,35c2b935a10332acc2c855a7e6d6ddb16d389cc4eba0b43b316ef89fb59c95f8,json
21358,/root/autodl-tmp/mmb4dl/mllm/eval_results/reasonseg-tvenc/predictions.json,161060,2026-09-21T20:04:53.374086+08:00,7253f2d2b1b8d775dc6d6eb41385e6d9ffdb2f8c65ff1bd808531803a315957d,prediction_index
21358,/root/autodl-tmp/mmb4dl/mllm/eval_results/_dtypeab_fp16/metrics.json,280,2026-09-21T20:23:43.901287+08:00,184ae2888726df2bf43ab9ccb0095de1157a8bf5b43a0d0a3019a2e4bf2ad611,json
21358,/root/autodl-tmp/mmb4dl/mllm/eval_results/_dtypeab_fp16/predictions.json,31609,2026-09-21T20:23:43.901287+08:00,bd058ec647b200f238529d48fc02f67d0f0e1258df4599571f124c5637ec50e8,prediction_index
21358,/root/autodl-tmp/mmb4dl/mllm/eval_results/reasonseg-tvenc_encfp32/metrics.json,279,2026-09-21T22:05:32.447106+08:00,381e4368007b034fb5ffdf0f7373161adc2a6e7d949b7823aef3bdc94bdd1570,json
21358,/root/autodl-tmp/mmb4dl/mllm/eval_results/reasonseg-tvenc_encfp32/predictions.json,123669,2026-09-21T22:05:32.451106+08:00,195348cb3d92a4139f7f0562a8ed02baea08b37cfb79f3d5d8218cc5c239639f,prediction_index
21358,/root/autodl-tmp/mmb4dl/mllm/eval_results/reasonseg-tvenc_encfp32/metrics_recomputed_20260922.json,547,2026-09-22T22:30:59.524652+08:00,e46a09dff6a2bef36d8b915845893ca81ee0ca9e50f9be83b04819dc6593c84f,json
21358,/root/autodl-tmp/mmb4dl/mllm/eval_results/reasonseg-trainval4090-encfp32-thr0.5-n300/metrics.json,295,2026-09-21T23:26:03.334837+08:00,71b0568df2aa321ffdace00a95673901da57ee8af81f39dad5bf78f65013cfde,json
21358,/root/autodl-tmp/mmb4dl/mllm/eval_results/reasonseg-trainval4090-encfp32-thr0.5-n300/predictions.json,123597,2026-09-21T23:26:03.338837+08:00,37d46a3a933c0358f5d79222839e6c12f1f6e03a5888b13696a58eb837bd8837,prediction_index
21358,/root/autodl-tmp/mmb4dl/mllm/eval_results/reasonseg-trainval4090-encfp32-thr0.5-n300/metrics_recomputed_20260922.json,585,2026-09-22T22:39:09.594126+08:00,17ab871ee79e554cd73f316c58bc4520bef55573d1d9f2ca21aaddc071d5f9db,json
21358,/root/autodl-tmp/mmb4dl/mllm/eval_results/reasonseg-tvenc680_encfp32/metrics.json,278,2026-09-22T18:37:11.018276+08:00,6b614ef8af3d55b880396ec633d8e74cfb27db9973f942f27e368c9c0a6f0e5d,json
21358,/root/autodl-tmp/mmb4dl/mllm/eval_results/reasonseg-tvenc680_encfp32/predictions.json,123669,2026-09-22T18:37:11.022276+08:00,195348cb3d92a4139f7f0562a8ed02baea08b37cfb79f3d5d8218cc5c239639f,prediction_index
21358,/root/autodl-tmp/mmb4dl/mllm/eval_results/reasonseg-tvenc680_encfp32/failure_analysis.json,2431,2026-09-22T22:29:11.730086+08:00,87a0286e9137c7eba9c3e7729821700c2f80e6f1ff0814b01fee38a0e6e65265,json
21358,/root/autodl-tmp/mmb4dl/mllm/eval_results/reasonseg-tvenc680_encfp32/metrics_recomputed_20260922.json,548,2026-09-22T22:30:53.808728+08:00,1f4e0bf251a05a8005fe09a57546f7781be119f0e0e81e2cf61629eac2487b9f,json
21358,/root/autodl-tmp/mmb4dl/mllm/eval_results/stage2_full_seqv3_mixed_b4a_wholescene/metrics.json,2282,2026-09-23T03:09:10.915823+08:00,7f7ceb3fc2d05905ffa3b105f4f783490d51694769f76c13bd81097dfac9f4ee,json
21358,/root/autodl-tmp/mmb4dl/mllm/eval_results/reasonseg-internal679_encfp32/metrics.json,509,2026-09-23T21:50:53.985135+08:00,c99622e76577bacd31e804b8f53d87ab412077345310f654bee81f21a4b3ac7f,json
21358,/root/autodl-tmp/mmb4dl/mllm/eval_results/reasonseg-internal679_encfp32/predictions.json,123669,2026-09-23T21:50:53.989135+08:00,195348cb3d92a4139f7f0562a8ed02baea08b37cfb79f3d5d8218cc5c239639f,prediction_index
21358,/root/autodl-tmp/mmb4dl/mllm/eval_results/reasonseg-internal679_encfp32/failure_analysis.json,2431,2026-09-23T21:51:00.941012+08:00,897da0895aa51ff15afccd3576ed60a96971522866503a283effe1b1ebc0972c,json
21358,/root/autodl-tmp/mmb4dl/mllm/eval_results/_grounding_smoke/report.json,7475,2026-09-23T22:48:47.752945+08:00,6ca32fe38729ba6e3a42a888f887b675ebf2447bfec32b6a9dfe058a39f50252,json
21358,/root/autodl-tmp/mmb4dl/mllm/eval_results/_grounding_internal679/report.json,12321,2026-09-23T22:55:56.086845+08:00,3b8b2f78618688669277f7136782d41350be2b598173ed66130bb32e99200430,json
21358,/root/autodl-tmp/mmb4dl/mllm/eval_results/_grounding_p21_prioron/report.json,13170,2026-09-23T23:39:51.703954+08:00,ff70ac8b9999b484f917a38cbdbe5a6ea94ceb88f07565128f49ea3372605f3d,json
21358,/root/autodl-tmp/mmb4dl/mllm/eval_results/_grounding_p21_prioroff/report.json,13181,2026-09-23T23:46:21.590769+08:00,4cb7bcc30ac6849d302960bb2b486bc22468f3e3fac4a484f4263f63e4655c33,json
21358,/root/autodl-tmp/mmb4dl/mllm/eval_results/_grounding_reasonseg-lossA1-bal-dice/report.json,13161,2026-09-24T10:36:40.774453+08:00,4da5dc07bdd01dd877f12dd35e4a97cf8f45ec6e3a1f39f5eba54d6dd8313279,json
21358,/root/autodl-tmp/mmb4dl/mllm/eval_results/_grounding_reasonseg-lossA2-plain-tversky/report.json,13199,2026-09-24T10:43:10.868548+08:00,13455b60e02c80fecfbc999ab7d36a4c41ba3537162bb021fe29dd442aa703b3,json
21358,/root/autodl-tmp/mmb4dl/mllm/eval_results/_grounding_reasonseg-lossA3-bal-tversky/report.json,13114,2026-09-24T10:49:50.258189+08:00,03af9c9e95e40cbd6bc6b5513bccd07d3a297973095a78770fe663740fc65942,json
21358,/root/autodl-tmp/mmb4dl/mllm/eval_results/_grounding_reasonseg-lossA2-plain-tversky-ext20/report.json,13342,2026-09-25T06:06:57.115937+08:00,9f4e062603a24b8e58666443218d23c46280b4757eccaf9fde7e993e575e4713,json
21358,/root/autodl-tmp/mmb4dl/mllm/eval_results/reasonseg-a2ext20_encfp32/metrics.json,508,2026-09-25T12:07:39.563711+08:00,2ca02ec3425abecd8adb20cd4a123a25b90552d72246a638f59fa23ee1e40820,json
21358,/root/autodl-tmp/mmb4dl/mllm/eval_results/reasonseg-a2ext20_encfp32/predictions.json,123669,2026-09-25T12:07:39.563711+08:00,195348cb3d92a4139f7f0562a8ed02baea08b37cfb79f3d5d8218cc5c239639f,prediction_index
21358,/root/autodl-tmp/mmb4dl/mllm/eval_results/reasonseg-a2ext20_encfp32/failure_analysis.json,2390,2026-09-25T12:07:47.019565+08:00,df935b8cc4ff4a8323faad1a50740891198eb929c70fa0e3d5658d7030d2c198,json
21358,/root/autodl-tmp/mmb4dl/mllm/eval_results/_oracle_probe/report.json,1501,2026-09-25T14:30:48.519170+08:00,3f09cfcbb4ad113cb9bbb74946472e50304ecb76098729ac59cfff7506145494,json
21358,/root/autodl-tmp/mmb4dl/mllm/eval_results/_grounding_reasonseg-lossB1-noprior-tversky/report.json,13266,2026-09-25T18:14:05.846159+08:00,dc2df380bcffdcc661a9cc5e3d952e805bc0b5e0b22b52bbd089b716bdae7832,json
21358,/root/autodl-tmp/mmb4dl/mllm/eval_results/_oracle_probe_v2/report.json,4515,2026-09-25T20:26:30.564166+08:00,c5fc20a9e5110ed90d28916a40034aa4c6e97dc4589b7821e9f3a206dc697844,json
21358,/root/autodl-tmp/mmb4dl/mllm/eval_results/_oracle_probe_v3_unfrozen/report.json,5041,2026-09-25T23:55:33.466588+08:00,c3a264a39a688e1d43cf9a22bd0a71884988ea79abf4795a06bb3606e6930bcf,json
21358,/root/autodl-tmp/mmb4dl/mllm/eval_results/_grounding_reasonseg-lossA2-plain-tversky-ext20_inrange/report.json,13416,2026-09-26T00:11:50.313380+08:00,1757d62f76d9af80250d1eeba7e186f6bd8bbfcbe63dac09477368b2687393d8,json
21358,/root/autodl-tmp/mmb4dl/mllm/eval_results/_grounding_reasonseg-lossB1-noprior-tversky_inrange/report.json,13323,2026-09-26T00:18:13.864701+08:00,bee28f6f848d6b4a2ddf629deafc76a16fc70f2a53c2e1c793d41bf0abd39d44,json
21358,/root/autodl-tmp/mmb4dl/mllm/eval_results/_grounding_reasonseg-internal679_inrange/report.json,13254,2026-09-26T01:06:34.298131+08:00,10b8f84c5ac01bd43a79fdb7572d692a35854c6b74db0163a312ddfb48904bb5,json
21358,/root/autodl-tmp/mmb4dl/mllm/eval_results/_oracle_probe_v4_unfrozen_bnfix/report.json,20222,2026-09-26T08:55:33.444761+08:00,3b8f45350aa5c3eafe842008d0584a3d23599342aa25c3e4106f6e0357ddeca1,json
21358,/root/autodl-tmp/mmb4dl/mllm/eval_results/_multitask_encoder/history.json,18849,2026-09-26T22:07:20.382814+08:00,0a265004cb839ab7be1d98bed3e39cefd6b4f80db8683208f46e547660124e77,json
21358,/root/autodl-tmp/mmb4dl/mllm/eval_results/_multitask_encoder/report.json,24395,2026-09-26T22:07:41.014542+08:00,4c672fce6f252cc70b344cc7c231eebce16a0de93a4b4fe96dc110c9d9d49d2e,json
21358,/root/autodl-tmp/mmb4dl/mllm/eval_results/_multitask_encoder_ext/history.json,28262,2026-09-27T12:58:32.375684+08:00,225eb6c2bbc50dc7b26d774727be8fd45cf270ce53fdf96648d4ac0d4be4901e,json
21358,/root/autodl-tmp/mmb4dl/mllm/eval_results/_multitask_encoder_ext/report.json,35610,2026-09-27T12:58:53.015386+08:00,82b66e8025b58c3d4f8e8044dbc7dac7029544b87fe159de1ed982523faae2a1,json
21358,/root/autodl-tmp/mmb4dl/mllm/eval_results/_temporal_a2_repeat_f3/history.json,2681846,2026-09-28T16:51:37.905603+08:00,7692967b4d7982e176cf8740fbbb7ae4c11ea87df326adc7e13825ad61227207,json
21358,/root/autodl-tmp/mmb4dl/mllm/eval_results/_temporal_a2_repeat_f3/report.json,3680265,2026-09-28T16:52:30.556806+08:00,4978faf8bd0ee99bc22879331b7a36539d76ecfd04969ff436547ed53911565f,json
21358,/root/autodl-tmp/mmb4dl/mllm/training_logs/eval_stage2_full_seqv3_mixed.log,2695104,2026-09-10T11:29:05+08:00,423dc29621864ee730c84ee4ddc23fa47dc0afeb6eb8057e441f22674240ec93,log
21358,/root/autodl-tmp/mmb4dl/mllm/training_logs/_stageB.sh,914,2026-09-21T23:17:50.316567+08:00,68e4151117e237199a9013b2b0260bc1b2e84ea26e7ffeedb82698fcfe2ac560,script
21358,/root/autodl-tmp/mmb4dl/mllm/training_logs/_stageA.sh,1025,2026-09-21T23:19:49.063338+08:00,34e1e3f2f357152181050d69be8b0ee89a36bf15b0da42d749fbd067b9dd6883,script
21358,/root/autodl-tmp/mmb4dl/mllm/training_logs/tfval_driver.log,15069,2026-09-21T23:30:15.559469+08:00,c734d4bdfb75e761011eab8f9bdd8206ebb4058b63257bc60fc333a6b6e5eedc,log
21358,/root/autodl-tmp/mmb4dl/mllm/training_logs/_smokeA.sh,934,2026-09-22T00:00:59.111484+08:00,227034f9bc21a2ec8941533896741ebaa491984b14858a7e671adb1955e1b8f9,script
21358,/root/autodl-tmp/mmb4dl/mllm/training_logs/_smokeA.log,4514,2026-09-22T00:05:09.851579+08:00,53cb68afbb85c9822457957914b02b5c261924fa0a368613cf46645b00f1727d,log
21358,/root/autodl-tmp/mmb4dl/mllm/training_logs/tfval_stageA.log,10881,2026-09-22T00:14:28.554998+08:00,3fff87143b330b57aae164b34c1e8adbc6dca9928accaba025c0b741d0229127,log
21358,/root/autodl-tmp/mmb4dl/mllm/training_logs/tvenc680.log,2061691,2026-09-22T18:28:19.909038+08:00,cf31466a945288c94813f22d1c9fc5d1a876c1bc1e92cf6c2f76db899c41038a,log
21358,/root/autodl-tmp/mmb4dl/mllm/training_logs/_monitor_tvenc680.sh,3632,2026-09-22T00:21:09.848883+08:00,65ace1659653c9e10b1f85e5f601656ce027f75d4cc8ef2aaa5f471d2c952d0b,script
21358,/root/autodl-tmp/mmb4dl/mllm/training_logs/_eval_after_tvenc680.sh,3485,2026-09-22T00:21:09.848883+08:00,2938521afc312d489d341a22cba6378fd7d3f52452fe0d48f8bf48d36277dec9,script
21358,/root/autodl-tmp/mmb4dl/mllm/training_logs/monitor_tvenc680.log,24863,2026-09-22T18:43:20.973547+08:00,249949b5177beca30d50510dedbf09c297c26f39b90ec7e0cda796bcb97581a1,log
21358,/root/autodl-tmp/mmb4dl/mllm/training_logs/eval_tvenc680.log,5764,2026-09-22T18:37:13.306246+08:00,4637789f3afa40699ca51f510c17708759bc72d564b6a46ecc1a1213140b536f,log
21358,/root/autodl-tmp/mmb4dl/mllm/training_logs/tfval_threshold_driver.log,213,2026-09-22T23:25:54.653328+08:00,8154ef77b6590af4be07f48f20754cda8ef09a45bd35eedcfbcbcb20e2f8fdcc,log
21358,/root/autodl-tmp/mmb4dl/mllm/training_logs/chain_overnight_driver.log,817,2026-09-23T21:51:01.628999+08:00,b6e5b5d0b638f7998cf20d99ea6b1d28efcf6c80e1588ef27f7d33c3df2e7ca8,log
21358,/root/autodl-tmp/mmb4dl/mllm/training_logs/grounding_internal679.log,9548,2026-09-23T22:55:56.102845+08:00,deab2c97d52a74ad47c5f78071230fdb50f023f59d6c2c77a8570f29a7eca192,log
21358,/root/autodl-tmp/mmb4dl/mllm/training_logs/tfval_noleak/driver.log,2199,2026-09-22T21:32:31.547727+08:00,cd72a5f41ea3c405f9ede23bdea90dfbaf52560d82e2f5ebb928d0becbe4577f,log
21358,/root/autodl-tmp/mmb4dl/mllm/training_logs/tfval_noleak/calib_tvenc680_oldval.log,4586,2026-09-22T20:13:28.220482+08:00,b699eeccd592c5ed6dd4924f5a6989b5def8a9a73d6ce7293697978d7f3f50c5,log
21358,/root/autodl-tmp/mmb4dl/mllm/training_logs/tfval_noleak/tvenc680_internal_fresh.log,4590,2026-09-22T20:49:06.552781+08:00,eb95b42c0594de69df7b31de3dd814c968e11222416ceb1e19e4e0d0de2da9eb,log
21358,/root/autodl-tmp/mmb4dl/mllm/training_logs/tfval_noleak/tvenc_internal_fresh.log,4588,2026-09-22T21:25:04.133735+08:00,646982834c4fb2301cd8af45293efa2c51fa5055adbc7677284e11354c0258db,log
21358,/root/autodl-tmp/mmb4dl/mllm/training_logs/tfval_noleak/tvenc_oov500.log,4586,2026-09-22T21:32:28.159745+08:00,537dd9a4a7bd2af6fb98c529052396329d46e041f4235312bd3a73db297b6765,log
21358,/root/autodl-tmp/mmb4dl/mllm/training_logs/tfval_threshold/sweep_tvenc680_valthin.log,6780,2026-09-22T23:17:50.393320+08:00,d023e02e666b6f0c92fa1112783594e4e32c1e1b24ded1ae28986dbbd4a96113,log
21358,/root/autodl-tmp/mmb4dl/mllm/training_logs/tfval_threshold/sweep_tvenc_valthin.log,6780,2026-09-22T23:25:51.629376+08:00,df9704b5b7ed63dec838da781be82ca67a0dfdf4cebf28424a732f7725e8f5ec,log
21358,/root/autodl-tmp/mmb4dl/mllm/training_logs/chain_overnight/stage3_tfval_internal_full.log,4680,2026-09-23T21:34:38.438267+08:00,b942f241f0b5ef7cdf4f6f398a13b4c65b3f0698958b32b15d229b2e0516849d,log
21358,/root/autodl-tmp/mmb4dl/mllm/training_logs/chain_overnight/stage4_tfval_valthin.log,4677,2026-09-23T21:42:29.746058+08:00,1d7979fe03ed63bf9543f27fbfea406ee66f6bf37b3d5be32dceffc0df648525,log
21358,/root/autodl-tmp/mmb4dl/mllm/training_logs/chain_overnight/stage5_freegen.log,4760,2026-09-23T21:50:53.989135+08:00,dda9d7b9ed5bdb5e2d3a1c7598dec54b08e3a0d949b24637c4b9b28f5c9bf436,log
21358,/root/autodl-tmp/mmb4dl/mllm/training_logs/chain_overnight/stage5_failure_analysis.log,2431,2026-09-23T21:51:00.941012+08:00,897da0895aa51ff15afccd3576ed60a96971522866503a283effe1b1ebc0972c,log
21358,/root/autodl-tmp/mmb4dl/mllm/training_logs/phase2/chain_console.log,2840,2026-09-24T10:49:52.786148+08:00,cce7df056b181fd491f74c320e206fd7b91db15ff7a55ff59e6f706a06ca55e0,log
21358,/root/autodl-tmp/mmb4dl/mllm/training_logs/phase2/chain_driver.log,2840,2026-09-24T10:49:52.786148+08:00,cce7df056b181fd491f74c320e206fd7b91db15ff7a55ff59e6f706a06ca55e0,log
21358,/root/autodl-tmp/mmb4dl/mllm/training_logs/phase2/stage0_unittest.log,102,2026-09-23T23:29:07.454452+08:00,1d62b0bd0d17497a59577680447e891c3fb121c723f798ef4918014f10b11632,log
21358,/root/autodl-tmp/mmb4dl/mllm/training_logs/phase2/stage0b_smoke.log,7831,2026-09-23T23:33:31.858145+08:00,44597ab551475640812760694bb16f99ba05921afef7c8f904694d4faf8c3ff6,log
21358,/root/autodl-tmp/mmb4dl/mllm/training_logs/phase2/reasonseg-lossA1-bal-dice.log,414452,2026-09-24T03:20:50.942383+08:00,8ec2e276eaa7e55b869e22edf80a38ae8bdcc6f171ecfaa28be31218887fa2e7,log
21358,/root/autodl-tmp/mmb4dl/mllm/training_logs/phase2/watcher.log,408,2026-09-24T10:50:40.057384+08:00,e7e586ea59c130934a810ba53927944d84e2bab044cd2c18911cb18ae48353fb,log
21358,/root/autodl-tmp/mmb4dl/mllm/training_logs/phase2/reasonseg-lossA2-plain-tversky.log,417722,2026-09-24T06:55:37.771820+08:00,1cc681e2a2d6a4db7f49bf8d7e87f2345ec79b0b5f34f707081a08ba322327f6,log
21358,/root/autodl-tmp/mmb4dl/mllm/training_logs/phase2/reasonseg-lossA3-bal-tversky.log,414159,2026-09-24T10:30:06.444277+08:00,8e4584423b62263f29fe2d5d08df4f0e39d06e97a679f8203ef2597db7848727,log
21358,/root/autodl-tmp/mmb4dl/mllm/training_logs/phase2/reasonseg-lossA1-bal-dice.grounding.log,10224,2026-09-24T10:36:40.798453+08:00,f9503065da020b29646d966e55f713c8ba390bec248ad8a202a352726f4c3faa,log
21358,/root/autodl-tmp/mmb4dl/mllm/training_logs/phase2/reasonseg-lossA2-plain-tversky.grounding.log,10301,2026-09-24T10:43:10.892547+08:00,b12b65d183dd4f3986d0998ab96b597b12885a30085a3998b2f4239190e0b953,log
21358,/root/autodl-tmp/mmb4dl/mllm/training_logs/phase2/reasonseg-lossA3-bal-tversky.grounding.log,10282,2026-09-24T10:49:50.290189+08:00,c85a49ef8163a72e5d36bf0ecc8140556dbd2929bec1b9a6d89c75b50beaa163,log
21358,/root/autodl-tmp/mmb4dl/mllm/training_logs/phase2/stage3_summary.log,1431,2026-09-24T10:49:52.770149+08:00,05a1e5bcdbe7e012dd304f684d6f4940211ad21c840215b39a8aa4259c577fb6,log
21358,/root/autodl-tmp/mmb4dl/mllm/training_logs/phase2/phase22_summary.json,2932,2026-09-24T10:49:52.770149+08:00,874e611a072b8df3f48d44bb797882c6e1322371b6fbf808efa1de9035ffc34b,json
21358,/root/autodl-tmp/mmb4dl/mllm/training_logs/phase2/extension_decision.txt,461,2026-09-24T12:02:44.911331+08:00,b85219457b8a0b93418c1ecf218e2d16dfd9db3d7ce116701c80e6e5fe16e83a,log
21358,/root/autodl-tmp/mmb4dl/mllm/training_logs/phase2/extension_console.log,460,2026-09-25T06:06:59.043905+08:00,4d9889eb965a223bd6590d1b1701dc4908887cf87c0a676004de378fccc56592,log
21358,/root/autodl-tmp/mmb4dl/mllm/training_logs/phase2/reasonseg-lossA2-plain-tversky-ext20.log,2002876,2026-09-25T05:52:11.799655+08:00,cd52b4be7b57bb9ded045e93b075573a3943e4b4eb0e40c7ab084949161ad0fd,log
21358,/root/autodl-tmp/mmb4dl/mllm/training_logs/phase2/reasonseg-lossA2-plain-tversky-ext20.valthin.log,4676,2026-09-25T06:00:07.942598+08:00,d9c81ab6c34a7c9f6855335884d016a97900ae91b790c88068d1ebb352e76f9b,log
21358,/root/autodl-tmp/mmb4dl/mllm/training_logs/phase2/reasonseg-lossA2-plain-tversky-ext20.grounding.log,10298,2026-09-25T06:06:57.139937+08:00,b1d1fdfe08f1adc91373c8b3e9caf93b626909288a79d19cfffacf3f15e47cca,log
21358,/root/autodl-tmp/mmb4dl/mllm/training_logs/verify_v123/filter_report.json,554,2026-09-25T11:25:06.232349+08:00,f1169453e674f83df8ddad124ae4eceedb46f6624964f560a1d3a5f0e2c07cd9,json
21358,/root/autodl-tmp/mmb4dl/mllm/training_logs/verify_v123/console.log,1169,2026-09-25T12:07:48.055544+08:00,9ce3cd328a6c92582d7d945731d5993282ace0e8551df8566e8edc7de8700c7a,log
21358,/root/autodl-tmp/mmb4dl/mllm/training_logs/verify_v123/driver.log,1169,2026-09-25T12:07:48.055544+08:00,9ce3cd328a6c92582d7d945731d5993282ace0e8551df8566e8edc7de8700c7a,log
21358,/root/autodl-tmp/mmb4dl/mllm/training_logs/verify_v123/s1_filter.log,617,2026-09-25T11:25:06.232349+08:00,10c72cc0493223ce6012761a02347b905ac38eec2687e6fdb6041889d980760f,log
21358,/root/autodl-tmp/mmb4dl/mllm/training_logs/verify_v123/s2_ctrl_unfiltered_fixed.log,4677,2026-09-25T11:32:59.927697+08:00,fc4ce5ce1e693a2e81d970882194e7e847983e901511a459db383d254670dd8a,log
21358,/root/autodl-tmp/mmb4dl/mllm/training_logs/verify_v123/s3_a2_unfiltered_fixed.log,4677,2026-09-25T11:41:05.088049+08:00,64c17479f3f07cacb66e3323d348e72938bbe9fd8349aac6f19ee141737b79bd,log
21358,/root/autodl-tmp/mmb4dl/mllm/training_logs/verify_v123/s4_ctrl_reachable.log,4676,2026-09-25T11:48:51.593766+08:00,db002b0fa1f8b057d7dc44d5416b13f7be9b667b7318f68e66a0b4201b555b32,log
21358,/root/autodl-tmp/mmb4dl/mllm/training_logs/verify_v123/s5_a2_reachable.log,4676,2026-09-25T11:56:42.100119+08:00,fb2ca013dfa62d8cc0cec5201c2ea097aed03161f291a96b431652eaa3e028dd,log
21358,/root/autodl-tmp/mmb4dl/mllm/training_logs/verify_v123/s6_freegen.log,4759,2026-09-25T12:07:39.567711+08:00,2004d4a1c7d43a28cd4b204690fc1a2052f2d34bb241d2d0ecfcdc591dd13070,log
21358,/root/autodl-tmp/mmb4dl/mllm/training_logs/verify_v123/s7_failure_analysis.log,2390,2026-09-25T12:07:47.023565+08:00,df935b8cc4ff4a8323faad1a50740891198eb929c70fa0e3d5658d7030d2c198,log
21358,/root/autodl-tmp/mmb4dl/mllm/training_logs/phase23/s0_smoke_probe.log,3070,2026-09-25T12:58:49.026198+08:00,533e4d051d74e90209881c66c6db7cd3b2a8de0a48419e046462f31a5af97b0e,log
21358,/root/autodl-tmp/mmb4dl/mllm/training_logs/phase23/_smoke_probe.json,1155,2026-09-25T12:58:49.026198+08:00,b3b78b83a0bad2c6e2d44c4bac73ac04b236c3347fabc3a4e6ec8ed6e7e34ac9,json
21358,/root/autodl-tmp/mmb4dl/mllm/training_logs/phase23/driver.aborted.log,2762,2026-09-25T12:49:26.778068+08:00,93807096fea04946ad837cdb21ee6ec6b497187d8a0b0dc64f309e1648e6a981,log
21358,/root/autodl-tmp/mmb4dl/mllm/training_logs/phase23/console.log,1320,2026-09-25T18:21:57.376298+08:00,8a7af85586abb7b23c16ed80b64c6dd6503baae9f880049cc994d9c6509734c5,log
21358,/root/autodl-tmp/mmb4dl/mllm/training_logs/phase23/driver.log,1320,2026-09-25T18:21:57.376298+08:00,8a7af85586abb7b23c16ed80b64c6dd6503baae9f880049cc994d9c6509734c5,log
21358,/root/autodl-tmp/mmb4dl/mllm/training_logs/phase23/s0b_smoke_b1.log,7846,2026-09-25T13:03:32.557055+08:00,0f082381c4364110988fed91533e75392f9f535ed06d49909f1aacbad3e38f60,log
21358,/root/autodl-tmp/mmb4dl/mllm/training_logs/phase23/s0c_reload_b1.log,4654,2026-09-25T13:07:56.544568+08:00,46d735ce4821ee88991bbe866a6e3880985c788c460f0ca491cc0b6f7b632c22,log
21358,/root/autodl-tmp/mmb4dl/mllm/training_logs/phase23/s1_oracle_probe.log,9513,2026-09-25T14:30:48.519170+08:00,1ea7822201f28d7cdceaafb71954ef9536b12aed542325039f17524dbf3382dc,log
21358,/root/autodl-tmp/mmb4dl/mllm/training_logs/phase23/s2_train_b1.log,415963,2026-09-25T18:07:12.122820+08:00,add1ec7634c98e70fb4a7f71e4b6e9ef464192bb90d44a11232c3c0a9cd9d90d,log
21358,/root/autodl-tmp/mmb4dl/mllm/training_logs/phase23/watcher_probe2.log,297,2026-09-25T20:26:31.876132+08:00,afecc8f0dc07b0a57ec0c3d85ac3565c178ff87fb7df28a29029ad17e78d263d,log
21358,/root/autodl-tmp/mmb4dl/mllm/training_logs/phase23/s3_grounding_b1.log,10328,2026-09-25T18:14:05.870158+08:00,654d9a58c60a6c765e6fe5636fc096e64594bd3064d5d12e31f274064a20cc53,log
21358,/root/autodl-tmp/mmb4dl/mllm/training_logs/phase23/s4_tfval_b1.log,4676,2026-09-25T18:21:53.652376+08:00,5743655caed03747c9cc5b5ac36b72e4d44346d0a645b8cddc650dd2ee0ccfd0,log
21358,/root/autodl-tmp/mmb4dl/mllm/training_logs/phase23/probe2_decision.txt,15,2026-09-25T18:22:06.452109+08:00,8a40180645809f37fd13c3ad28b418e53c43f20f023ae2a9b0b1e493ed7310bc,log
21358,/root/autodl-tmp/mmb4dl/mllm/training_logs/phase23/probe_v2.log,13276,2026-09-25T20:26:30.564166+08:00,94178dc434a16926035ec6a995d8df1c971d152f2bbd8a9173583584e1a8ade8,log
21358,/root/autodl-tmp/mmb4dl/mllm/training_logs/phase23/_voxel_tie_ceiling.json,31295,2026-09-25T21:03:46.510735+08:00,7fc80b7e86786e5e8ca43fb1f3b65d3ead41db728fcd5871f0e69bd5d85e5864,json
21358,/root/autodl-tmp/mmb4dl/mllm/training_logs/phase23/run_probe_v3.log,125,2026-09-25T23:55:34.574404+08:00,6fe97ec1bf4a7cc82401650e6cfe7513caf2d7a040867c685d8d1e2ce89c6dea,log
21358,/root/autodl-tmp/mmb4dl/mllm/training_logs/phase23/probe_v3.log,13668,2026-09-25T23:55:33.482585+08:00,9c4371e417b30f88b526aa7067b0efc7ed4a676c80cff88f5ebad191b890eb2b,log
21358,/root/autodl-tmp/mmb4dl/mllm/training_logs/phase23/watcher_rediagnose.log,1609,2026-09-26T01:06:36.786168+08:00,e91d9984727769dc08b95922db9319f57f5ddf552714d06e21d5387cd61c9fe5,log
21358,/root/autodl-tmp/mmb4dl/mllm/training_logs/phase23/rediagnose_decision.txt,14,2026-09-25T23:56:15.615778+08:00,95f5f9efa003fe6d93c0137c350225c15f15793868b36065306df1598155443b,log
21358,/root/autodl-tmp/mmb4dl/mllm/training_logs/phase23/s0_smoke_rediagnose.log,7432,2026-09-26T00:01:00.850962+08:00,f429c0fcbc86e3b3af580ae476ec2a8f328e99e2e74e4dd534c3f8a506636691,log
21358,/root/autodl-tmp/mmb4dl/mllm/training_logs/phase23/rediagnose_internal679.log,1831,2026-09-26T00:05:37.211943+08:00,bc05c59360a7b6c77e4239f953f54e238e4e2de16eabe1c0e7392c52e0ca3986,log
21358,/root/autodl-tmp/mmb4dl/mllm/training_logs/phase23/rediagnose_reasonseg-lossA2-plain-tversky-ext20.log,10269,2026-09-26T00:11:50.337378+08:00,f86ddbe3615150da06c4bfc8f0d7be6b7f6ebea8ee3f5472f452124082a0a125,log
21358,/root/autodl-tmp/mmb4dl/mllm/training_logs/phase23/rediagnose_reasonseg-lossB1-noprior-tversky.log,10302,2026-09-26T00:18:13.884700+08:00,a9bfa63711b86d42c22b035db6972700a7b10573142514e7b623b5ff0fd4d6d6,log
21358,/root/autodl-tmp/mmb4dl/mllm/training_logs/phase23/rediagnose_reasonseg-internal679.log,10265,2026-09-26T01:06:34.322131+08:00,6d51a75e381fedff581e34c21ef22bf98bae182ceffa57e81a7dc73819891850,log
21358,/root/autodl-tmp/mmb4dl/mllm/training_logs/phase23/run_probe_v4.log,188,2026-09-26T08:55:34.548757+08:00,12bd3ae68f345c38cf7b5e120ed6d098338390b31da5ba6d1cc1f0f7f1dcaff1,log
21358,/root/autodl-tmp/mmb4dl/mllm/training_logs/phase23/probe_v4.log,38827,2026-09-26T08:55:33.456761+08:00,9610cb4aa1e3b31a0c4d6fb5404c9d016b42590a23219aa2836ae2e673790212,log
21358,/root/autodl-tmp/mmb4dl/mllm/training_logs/phase23/linear_probe_spatial_tv_best.log,7309,2026-09-26T02:10:44.175888+08:00,1dc6f89f5d4dd86329e109934afacd6601b294802e71a465f06e31d70ba57dca,log
21358,/root/autodl-tmp/mmb4dl/mllm/training_logs/phase23/linear_probe_chain.log,1021,2026-09-26T12:39:28.327047+08:00,bb7452eea9a49090e8b6b5a0fa2be2261e88b070b6ef092dbffbe86de475791c,log
21358,/root/autodl-tmp/mmb4dl/mllm/training_logs/phase23/linear_probe_pretrained.log,5137,2026-09-26T12:16:46.399795+08:00,5e1e1e3dca7fb5e3ee2bf18647c229e4793a8bf72c1919a356d02c649b52c6de,log
21358,/root/autodl-tmp/mmb4dl/mllm/training_logs/phase23/linear_probe_pretrained.json,1535,2026-09-26T12:16:46.399795+08:00,560c462fa42adb9fe9312abb2e240220898796fb71f2895abbecb98f12b1fc56,json
21358,/root/autodl-tmp/mmb4dl/mllm/training_logs/phase23/linear_probe_v3_unfrozen.log,5126,2026-09-26T12:28:00.692588+08:00,fb664dfa735c86e90116d7488bfc3eb98118a125c46154e81bf130cd5bf9fede,log
21358,/root/autodl-tmp/mmb4dl/mllm/training_logs/phase23/linear_probe_v3_unfrozen.json,1529,2026-09-26T12:28:00.692588+08:00,abb1145d34539326dc4f3b2ba9e937f989892678ed02eec04f3ebb610f3a245e,json
21358,/root/autodl-tmp/mmb4dl/mllm/training_logs/phase23/linear_probe_v4_unfrozen_bnfix.log,5142,2026-09-26T12:39:16.047273+08:00,5f9ba312f5478845e9775f317ff3429c46493a8b38029db03066ebbf07b33a95,log
21358,/root/autodl-tmp/mmb4dl/mllm/training_logs/phase23/linear_probe_v4_unfrozen_bnfix.json,1540,2026-09-26T12:39:16.047273+08:00,d9499feabc901534dc5a41d3ae0b67c1190062a0e8f4c17f70535624c84435f7,json
21358,/root/autodl-tmp/mmb4dl/mllm/training_logs/phase23/multitask_driver.log,4002,2026-09-26T23:14:59.247344+08:00,1802fe71325e0b8971946586e8767d2a6e5ef789f982d535dfaf4213e75ae0e9,log
21358,/root/autodl-tmp/mmb4dl/mllm/training_logs/phase23/multitask.log,57610,2026-09-26T22:07:41.014542+08:00,e4cb7e66515b5c288c7bf1dfac900da25994bf6f45b787fd1a3a7f7a67d18d88,log
21358,/root/autodl-tmp/mmb4dl/mllm/training_logs/phase23/linear_probe_mt_encoder_selected.log,5132,2026-09-26T22:18:46.056901+08:00,270677ba1766efee06fcd2312ed55c9ce1d2f2e30a7f51ec8756d9828e8bbffe,log
21358,/root/autodl-tmp/mmb4dl/mllm/training_logs/phase23/linear_probe_mt_encoder_selected.json,1530,2026-09-26T22:18:46.056901+08:00,36b58850865f0dc5bd110f9ca4e4931e4ff90b6183b619afeb47cb48c37cf0b3,json
21358,/root/autodl-tmp/mmb4dl/mllm/training_logs/phase23/linear_probe_mt_encoder_ep3.log,5128,2026-09-26T22:30:05.546259+08:00,cdb61213ce5b05e8b7c4d426e1715c9fe69dd56d57a3fcb11bbb13108fdc7d26,log
21358,/root/autodl-tmp/mmb4dl/mllm/training_logs/phase23/linear_probe_mt_encoder_ep3.json,1526,2026-09-26T22:30:05.546259+08:00,107cc17f9ec7c52216cf653a666f5a109c5c1754f83ce3499bdc03c88e48d02c,json
21358,/root/autodl-tmp/mmb4dl/mllm/training_logs/phase23/linear_probe_mt_encoder_ep7.log,5133,2026-09-26T22:41:18.893042+08:00,0589c76e08d343d33b6ce9fa6b78da72ae0152130bd3e35b8a9f2bb6b0a54e43,log
21358,/root/autodl-tmp/mmb4dl/mllm/training_logs/phase23/linear_probe_mt_encoder_ep7.json,1527,2026-09-26T22:41:18.893042+08:00,77569ae77c8abfdfb194aa3ae9d3cd2bb466886bcafd70c47ff60fb86ec4e7fa,json
21358,/root/autodl-tmp/mmb4dl/mllm/training_logs/phase23/linear_probe_mt_encoder_ep11.log,5128,2026-09-26T22:52:36.701629+08:00,2a170052524c19bcef385e87546bf1cc835d734cc1c2945e9bbedfd13393279c,log
21358,/root/autodl-tmp/mmb4dl/mllm/training_logs/phase23/linear_probe_mt_encoder_ep11.json,1526,2026-09-26T22:52:36.701629+08:00,cad6e16bf39468e6090d840cf6a8887f0738c6e8f88b8d47086b2421997584c3,json
21358,/root/autodl-tmp/mmb4dl/mllm/training_logs/phase23/linear_probe_mt_encoder_ep15.log,5133,2026-09-26T23:03:36.272888+08:00,dc84c508fe3959c49cdc32909b2dbd0d4306e63c130ec1cdcc451e3fd28e93e4,log
21358,/root/autodl-tmp/mmb4dl/mllm/training_logs/phase23/linear_probe_mt_encoder_ep15.json,1528,2026-09-26T23:03:36.272888+08:00,b0cca4a3c78b5b1018445ead41c0d0f5bd69fb4299fcb1eed94d448034488093,json
21358,/root/autodl-tmp/mmb4dl/mllm/training_logs/phase23/linear_probe_mt_encoder_ep19.log,5128,2026-09-26T23:14:46.083606+08:00,e361b798a418470d2d1ca30f41705293295b2de3311100bdee6cc1bdbf68f2c8,log
21358,/root/autodl-tmp/mmb4dl/mllm/training_logs/phase23/linear_probe_mt_encoder_ep19.json,1526,2026-09-26T23:14:46.083606+08:00,fd5d790f4bbb28668b023b28cf7fc05dd4659a18bea297e943ac0ca42254a78e,json
21358,/root/autodl-tmp/mmb4dl/mllm/training_logs/phase23/multitask_ext_driver.log,1480,2026-09-27T13:32:14.995529+08:00,d3a60a49114eb08e01689ec7184360e88dd0e98701d8d7d14f994dbfd03169e4,log
21358,/root/autodl-tmp/mmb4dl/mllm/training_logs/phase23/multitask_ext.log,84850,2026-09-27T12:58:53.015386+08:00,d5636af2ebba710dad30963076c1aebbc85990d86604b434f113b9276f11938f,log
21358,/root/autodl-tmp/mmb4dl/mllm/training_logs/phase23/watch_ext_done.sh,646,2026-09-27T12:28:41.968952+08:00,1b3a5116acb6870527bd4ce9ef0b3bfc3ed5557efeace85f2a932f72a8ff4aff,script
21358,/root/autodl-tmp/mmb4dl/mllm/training_logs/phase23/linear_probe_ext_encoder_ep23.log,5130,2026-09-27T13:10:01.363953+08:00,2f81c1fb60852d916e42620f37686d6b1c6f3d3f3c13a9ac78f3524cc8cc7214,log
21358,/root/autodl-tmp/mmb4dl/mllm/training_logs/phase23/ext_verdict.txt,1206,2026-09-27T13:02:29.935179+08:00,0ab7ac1c66d5a8461b5ba8339efb22949b5a023171e4e02bff6734c4d6aafdd5,log
21358,/root/autodl-tmp/mmb4dl/mllm/training_logs/phase23/linear_probe_ext_encoder_ep23.json,1529,2026-09-27T13:10:01.363953+08:00,d44368f343bf378bbed658de19f0444e74f2825ef10e259cffe66a0f7def7353,json
21358,/root/autodl-tmp/mmb4dl/mllm/training_logs/phase23/linear_probe_ext_encoder_ep27.log,5134,2026-09-27T13:20:59.005700+08:00,2a70dfb84be4f066a3d91c77e398cf953c5f299e4c68323f5667c2158427caa0,log
21358,/root/autodl-tmp/mmb4dl/mllm/training_logs/phase23/linear_probe_ext_encoder_ep27.json,1530,2026-09-27T13:20:59.005700+08:00,9c846f3f731a91d044ec1c070bff58492335f6d25532044d6e548e1f957852f2,json
21358,/root/autodl-tmp/mmb4dl/mllm/training_logs/phase23/linear_probe_ext_encoder_selected.log,5131,2026-09-27T13:32:02.627714+08:00,818e7188464249c4a31944d543c26fae677875af0ca4917ea04314bc27ee3630,log
21358,/root/autodl-tmp/mmb4dl/mllm/training_logs/phase23/linear_probe_ext_encoder_selected.json,1528,2026-09-27T13:32:02.627714+08:00,e359eed222e572816e53629c77c918c9ae05a8b3ed8f6500b1b4b0981221b351,json
21358,/root/autodl-tmp/mmb4dl/mllm/training_logs/temporal/a2_repeat_driver.log,3546,2026-09-28T16:52:32.116783+08:00,ba48a9067487a33070dcf943eae57f52a5a82c7942235689930dc187ac851693,log
21358,/root/autodl-tmp/mmb4dl/mllm/training_logs/temporal/a2_repeat.log,365405,2026-09-28T16:52:30.576806+08:00,e1a6f134e413970b0d749d0e3459328cc1b91e5d99f812a9c70c3ecf6201d027,log
21358,/root/autodl-tmp/mmb4dl/mllm/training_logs/temporal/a2_tmux.log,740,2026-09-28T16:52:32.116783+08:00,69a20de2d3d384caf15aca6a53629b832abf41c1b5f921e97a9d1e7ee27267d5,log
21358,/root/autodl-tmp/mmb4dl/mllm/training_logs/temporal/watch_a2.sh,347,2026-09-27T17:39:47.588327+08:00,ddf3c9032b7ca9631c9390caf5594046a2a1862b96a7a62129c3a6afbcc81846,script
21358,/root/autodl-tmp/mmb4dl/mllm/training_logs/temporal/chain_three_arms.sh,1584,2026-09-28T13:21:24.654549+08:00,f582a5c42632e07cc533431a997a600cee585274b5c542cf5716aa27e7111cee,script
21358,/root/autodl-tmp/mmb4dl/mllm/training_logs/temporal/chain_driver.log,236,2026-09-28T16:53:25.703959+08:00,0d7c5545dfbc268c6b57f90be976f650ce2e362efc1808bc4aabf4dac39babfe,log
21358,/root/autodl-tmp/mmb4dl/mllm/training_logs/temporal/a2_verdict.txt,2902,2026-09-28T13:39:49.591232+08:00,aaa4e52b6e41602940ea0439c01f6c9ef6cd3071df31862e29f7d0d6bbd6f120,log
21358,/root/autodl-tmp/mmb4dl/mllm/training_logs/temporal/a1_compensated_chain.log,61,2026-09-28T16:53:25.759958+08:00,83cb2e88835010b45d4e0d902c473bd70ee8887792310da9c5e2f46c020f6d16,log
21358,/root/autodl-tmp/mmb4dl/mllm/training_logs/temporal/a1_compensated_driver.log,61,2026-09-28T16:53:25.759958+08:00,83cb2e88835010b45d4e0d902c473bd70ee8887792310da9c5e2f46c020f6d16,log
21358,/root/autodl-tmp/mmb4dl/mllm/training_logs/temporal/a1_compensated.log,2276,2026-09-28T16:53:37.083782+08:00,2d7fcf230f65b33bba8d91bb59b54bfe11839238ae324ddb5794acd5dca48fc4,log
21358,/root/autodl-tmp/mmb4dl/mllm/checkpoints/reasonseg-spatial-mini/spatial-best/spatial_config.json,848,2026-09-18T00:37:26.117686+08:00,6ae19dbd6ca1dc08809d2a6646b185358214f5bc0a45059bf27245d3041a3604,json
21358,/root/autodl-tmp/mmb4dl/mllm/checkpoints/reasonseg-spatial-mini/spatial-last/spatial_config.json,848,2026-09-18T00:37:26.109685+08:00,6ae19dbd6ca1dc08809d2a6646b185358214f5bc0a45059bf27245d3041a3604,json
21358,/root/autodl-tmp/mmb4dl/mllm/checkpoints/reasonseg-mini-4090/checkpoint-best/reasonseg_config.json,1136,2026-09-19T10:08:36.336728+08:00,4739fb7e6f49cfb2f7dc565182906387986e47fbde78e83ade23dec58aa441fc,json
21358,/root/autodl-tmp/mmb4dl/mllm/checkpoints/reasonseg-mini-4090/checkpoint-best/trainer_state.json,123,2026-09-19T10:08:36.336728+08:00,37e76744b7dd8081e018fb528d8e77ef209572b674d513108aa16e4aa871e788,json
21358,/root/autodl-tmp/mmb4dl/mllm/checkpoints/_protected/checkpoint-best/reasonseg_config.json,1134,2026-09-19T01:12:23.698781+08:00,cfb827cc3cea7af0e558eb0674cdfbc1491e972ac857b984ad02af7b0e02b929,json
21358,/root/autodl-tmp/mmb4dl/mllm/checkpoints/_protected/checkpoint-best/trainer_state.json,104,2026-09-19T01:12:23.698781+08:00,96d96d26665f0fe5d2afb76c21a36ff3194b2b4ecff5a94e8eb9c7990bcb7263,json
21358,/root/autodl-tmp/mmb4dl/mllm/checkpoints/reasonseg-trainval-4090/checkpoint-best/reasonseg_config.json,1136,2026-09-20T08:56:54.013099+08:00,e8d7ddd7281f252b7a7dd545339883281a1d124bb6256bd4408af222ca37ad48,json
21358,/root/autodl-tmp/mmb4dl/mllm/checkpoints/reasonseg-trainval-4090/checkpoint-best/trainer_state.json,123,2026-09-20T08:56:54.013099+08:00,946d83b49ee9970d458e00f6afecebc129346204747dd8c018b0312cd980f4b4,json
21358,/root/autodl-tmp/mmb4dl/mllm/checkpoints/reasonseg-spatial-tv/spatial-last/spatial_config.json,849,2026-09-21T01:03:47.108281+08:00,0f42401768544eb749f9637ef51887c91712bc536789a7754cebd947c24618a4,json
21358,/root/autodl-tmp/mmb4dl/mllm/checkpoints/reasonseg-spatial-tv/spatial-best/spatial_config.json,848,2026-09-20T23:42:39.037132+08:00,7b30e7ec678d02810a56754b49bd5c170ec09b2f35119fe53cca43a33850befd,json
21358,/root/autodl-tmp/mmb4dl/mllm/checkpoints/reasonseg-tvenc/checkpoint-best/reasonseg_config.json,1134,2026-09-21T14:02:41.531706+08:00,718e0326b3476e407e9d6664f70650dc70f3d7581be615fac0c5ef96f1cb88bb,json
21358,/root/autodl-tmp/mmb4dl/mllm/checkpoints/reasonseg-tvenc/checkpoint-best/trainer_state.json,122,2026-09-21T14:02:41.531706+08:00,d2c26ff9c1a53f70ec312c136502bac7644f386b1a5e992e5e4e2d042961f3fd,json
21358,/root/autodl-tmp/mmb4dl/mllm/checkpoints/reasonseg-tvenc/checkpoint-9800/reasonseg_config.json,1134,2026-09-21T19:23:29.246346+08:00,ad83ea570180f45102bc1533b75c84daec8a6433404262dcd0839434fd779f5d,json
21358,/root/autodl-tmp/mmb4dl/mllm/checkpoints/reasonseg-tvenc/checkpoint-9800/trainer_state.json,122,2026-09-21T19:23:29.246346+08:00,b8e7d691fb22f1aece3a9d6214bfb1ef1d3b3d4ecd7b6008dfc42fc5f3af4261,json
21358,/root/autodl-tmp/mmb4dl/mllm/checkpoints/reasonseg-tvenc/checkpoint-9900/reasonseg_config.json,1134,2026-09-21T19:37:30.973784+08:00,5b7c84f16db8eba2c8289d3db2e2fd45dda2f84dd3d480f8a8146581edf98763,json
21358,/root/autodl-tmp/mmb4dl/mllm/checkpoints/reasonseg-tvenc/checkpoint-9900/trainer_state.json,122,2026-09-21T19:37:30.973784+08:00,1258b4e13e052fafdcadd72b4e98c5a11978e571c951a21fbd75d8daff464f4a,json
21358,/root/autodl-tmp/mmb4dl/mllm/checkpoints/_protected_tvenc/checkpoint-best/reasonseg_config.json,1132,2026-09-21T02:03:56.772194+08:00,56c651e0ec16194c7457bf6ad2e911a91c1ad299889612751da42a8d17cf7dfe,json
21358,/root/autodl-tmp/mmb4dl/mllm/checkpoints/_protected_tvenc/checkpoint-best/trainer_state.json,121,2026-09-21T02:03:56.772194+08:00,38e776d0784a945bf5f2f192a67005a5269ad5edeb5d2a56b0e5db800371b8ed,json
21358,/root/autodl-tmp/mmb4dl/mllm/checkpoints/_protected_tvenc/checkpoint-9900/reasonseg_config.json,1134,2026-09-21T19:37:30.973784+08:00,5b7c84f16db8eba2c8289d3db2e2fd45dda2f84dd3d480f8a8146581edf98763,json
21358,/root/autodl-tmp/mmb4dl/mllm/checkpoints/_protected_tvenc/checkpoint-9900/trainer_state.json,122,2026-09-21T19:37:30.973784+08:00,1258b4e13e052fafdcadd72b4e98c5a11978e571c951a21fbd75d8daff464f4a,json
21358,/root/autodl-tmp/mmb4dl/mllm/checkpoints/_protected_tvenc/checkpoint-8400/reasonseg_config.json,1134,2026-09-21T16:45:59.936063+08:00,cac4b1ced755556ba75c5da646f5b8db46dc58f6a5efdfaa9e357b80ec04ce22,json
21358,/root/autodl-tmp/mmb4dl/mllm/checkpoints/_protected_tvenc/checkpoint-8400/trainer_state.json,122,2026-09-21T16:45:59.936063+08:00,2abd430e3255d13fade69714bff6730c2b1c166897394622e0d2c7a8d660c560,json
21358,/root/autodl-tmp/mmb4dl/mllm/checkpoints/_protected_tvenc/checkpoint-8415/reasonseg_config.json,1134,2026-09-21T16:51:18.182779+08:00,a3eba17ea23e6e0ea8c440ba1660c8a28abf9e752565050343523a60f804905c,json
21358,/root/autodl-tmp/mmb4dl/mllm/checkpoints/_protected_tvenc/checkpoint-8415/trainer_state.json,122,2026-09-21T16:51:18.182779+08:00,9c0489b247d420b7abcbe8159570316be26ec975ffd13ee2dfed557515b69492,json
21358,/root/autodl-tmp/mmb4dl/mllm/checkpoints/_protected_tvenc/checkpoint-8600/reasonseg_config.json,1134,2026-09-21T17:10:50.105551+08:00,c8e39cc12329b73390ada0c9ed18d2d31a4513d32fc0225f4c517bd1123ce0bd,json
21358,/root/autodl-tmp/mmb4dl/mllm/checkpoints/_protected_tvenc/checkpoint-8600/trainer_state.json,122,2026-09-21T17:10:50.105551+08:00,436b07f6078aadd0a585ea6f6e3b00c48dc10b32e5ef21289203d4e6bf036298,json
21358,/root/autodl-tmp/mmb4dl/mllm/checkpoints/_protected_tvenc/checkpoint-8800/reasonseg_config.json,1134,2026-09-21T17:31:56.239170+08:00,7d87ce6a8f419d74d2c1161b84e2ab99e6e84dbcfd2d254b89e7d67aa75e3d33,json
21358,/root/autodl-tmp/mmb4dl/mllm/checkpoints/_protected_tvenc/checkpoint-8800/trainer_state.json,122,2026-09-21T17:31:56.239170+08:00,8d3ecde72435fd7e6b29ecc325ab61e7e3429bb103f388ec9684086f0d0a33ed,json
21358,/root/autodl-tmp/mmb4dl/mllm/checkpoints/_protected_tvenc/checkpoint-8910/reasonseg_config.json,1134,2026-09-21T17:47:09.423947+08:00,1195b0a00839984438dfb7e477ecf10c3274dcdef2c290475897e2b15bc99ce2,json
21358,/root/autodl-tmp/mmb4dl/mllm/checkpoints/_protected_tvenc/checkpoint-8910/trainer_state.json,122,2026-09-21T17:47:09.423947+08:00,32012ec7bae1f4db05d2ca854cc1e41f84c132ccf88377e6ac1f52de6baa75a1,json
21358,/root/autodl-tmp/mmb4dl/mllm/checkpoints/_protected_tvenc/checkpoint-9000/reasonseg_config.json,1134,2026-09-21T17:56:33.958416+08:00,da06cbadb350f98a8f9ac017cbaec06cefe53c70dd30370889382de64b000f76,json
21358,/root/autodl-tmp/mmb4dl/mllm/checkpoints/_protected_tvenc/checkpoint-9000/trainer_state.json,122,2026-09-21T17:56:33.958416+08:00,977fda2cefc31218191d1c440840a2492b76691b124ca33b3179da6a630761eb,json
21358,/root/autodl-tmp/mmb4dl/mllm/checkpoints/_protected_tvenc/checkpoint-9200/reasonseg_config.json,1134,2026-09-21T18:17:21.986072+08:00,200854a88b3bd2de54b92b2f9850b5fade7c9181d93baf75ba366bb6e5480986,json
21358,/root/autodl-tmp/mmb4dl/mllm/checkpoints/_protected_tvenc/checkpoint-9200/trainer_state.json,122,2026-09-21T18:17:21.986072+08:00,ea76aa6cd47c1edca69e3139dc4231cad16d171e4727ae3df3f6009a72ae0324,json
21358,/root/autodl-tmp/mmb4dl/mllm/checkpoints/_protected_tvenc/checkpoint-9400/reasonseg_config.json,1134,2026-09-21T18:38:06.925550+08:00,d2dbdf10354c9c2023ef92a0fe590ad34be38e363905dc7a14fac1e1c6210284,json
21358,/root/autodl-tmp/mmb4dl/mllm/checkpoints/_protected_tvenc/checkpoint-9400/trainer_state.json,122,2026-09-21T18:38:06.925550+08:00,8518ea2259d1d6475ac7e9c05d8efb761da0f1a31c50c5d362538df696238a1f,json
21358,/root/autodl-tmp/mmb4dl/mllm/checkpoints/_protected_tvenc/checkpoint-9405/reasonseg_config.json,1134,2026-09-21T18:42:19.837324+08:00,3cfa3a27d53e937755dfa0c0752369d1eee48b6dab369bb81a1cd2cdc90f3390,json
21358,/root/autodl-tmp/mmb4dl/mllm/checkpoints/_protected_tvenc/checkpoint-9405/trainer_state.json,122,2026-09-21T18:42:19.837324+08:00,2599b9ebc1e0bfe76fb5320a0fe91df3686ea8c3faf974a3c67447cb1eda9f6e,json
21358,/root/autodl-tmp/mmb4dl/mllm/checkpoints/_protected_tvenc/checkpoint-9600/reasonseg_config.json,1134,2026-09-21T19:02:41.898105+08:00,1a0060470c8235813c9683860e88851604bd9820cd3810fa4e8c23bf9e75e378,json
21358,/root/autodl-tmp/mmb4dl/mllm/checkpoints/_protected_tvenc/checkpoint-9600/trainer_state.json,122,2026-09-21T19:02:41.898105+08:00,147048b27fdb9f46262b0a5a1fb3921e9d46b91f0f818857252e7e78fb17165d,json
21358,/root/autodl-tmp/mmb4dl/mllm/checkpoints/_protected_tvenc/checkpoint-9800/reasonseg_config.json,1134,2026-09-21T19:23:29.246346+08:00,ad83ea570180f45102bc1533b75c84daec8a6433404262dcd0839434fd779f5d,json
21358,/root/autodl-tmp/mmb4dl/mllm/checkpoints/_protected_tvenc/checkpoint-9800/trainer_state.json,122,2026-09-21T19:23:29.246346+08:00,b8e7d691fb22f1aece3a9d6214bfb1ef1d3b3d4ecd7b6008dfc42fc5f3af4261,json
21358,/root/autodl-tmp/mmb4dl/mllm/checkpoints/_protected_tvenc680/checkpoint-best/reasonseg_config.json,1132,2026-09-22T01:13:32.274622+08:00,acc7de5faba151d7f1ce6f3ea7de3b0179ffdb6fa0004b4842f67c9a66a3a119,json
21358,/root/autodl-tmp/mmb4dl/mllm/checkpoints/_protected_tvenc680/checkpoint-best/trainer_state.json,121,2026-09-22T01:13:32.274622+08:00,13a92eb7846add52b41caac6878e75d2eed160f097022eaacd6d2fa04a017b6f,json
21358,/root/autodl-tmp/mmb4dl/mllm/checkpoints/_protected_tvenc680/checkpoint-8600/reasonseg_config.json,1134,2026-09-22T16:30:48.419416+08:00,c8e39cc12329b73390ada0c9ed18d2d31a4513d32fc0225f4c517bd1123ce0bd,json
21358,/root/autodl-tmp/mmb4dl/mllm/checkpoints/_protected_tvenc680/checkpoint-8600/trainer_state.json,122,2026-09-22T16:30:48.419416+08:00,3c80b9e3ce4ae41722e1b92a25bc57a2c3b432f70d09b10470789291f40402a9,json
21358,/root/autodl-tmp/mmb4dl/mllm/checkpoints/_protected_tvenc680/checkpoint-8640/reasonseg_config.json,1134,2026-09-22T16:38:40.316854+08:00,5da87a858e126c34d5123a6878d3735d6e825d3f0e3925a35f76f0ba7d279bbf,json
21358,/root/autodl-tmp/mmb4dl/mllm/checkpoints/_protected_tvenc680/checkpoint-8640/trainer_state.json,122,2026-09-22T16:38:40.316854+08:00,ab2a0626f2267998e782b3cf52f4ceeb6971746b02235255745492366f6e938c,json
21358,/root/autodl-tmp/mmb4dl/mllm/checkpoints/_protected_tvenc680/checkpoint-8800/reasonseg_config.json,1134,2026-09-22T16:55:47.146026+08:00,18d47ef19e500e8fa6c00f1dadaa64403834075b342e87abd997069f2489cd47,json
21358,/root/autodl-tmp/mmb4dl/mllm/checkpoints/_protected_tvenc680/checkpoint-8800/trainer_state.json,122,2026-09-22T16:55:47.146026+08:00,39cdd8f8c887d7d31fb60541d8b6d03a47c420786cfddf6efb5f8de2f2d09d91,json
21358,/root/autodl-tmp/mmb4dl/mllm/checkpoints/_protected_tvenc680/checkpoint-9000/reasonseg_config.json,1134,2026-09-22T17:17:10.414832+08:00,da06cbadb350f98a8f9ac017cbaec06cefe53c70dd30370889382de64b000f76,json
21358,/root/autodl-tmp/mmb4dl/mllm/checkpoints/_protected_tvenc680/checkpoint-9000/trainer_state.json,122,2026-09-22T17:17:10.414832+08:00,3abe07a79812b2399dee3de2054bf6fcae5ad57430164bfd312024fd0e8dbf5c,json
21358,/root/autodl-tmp/mmb4dl/mllm/checkpoints/_protected_tvenc680/checkpoint-9120/reasonseg_config.json,1134,2026-09-22T17:33:38.776491+08:00,e22c80e015ba961082571b4cbda77ba1e669c3a47b59d4614242089922155547,json
21358,/root/autodl-tmp/mmb4dl/mllm/checkpoints/_protected_tvenc680/checkpoint-9120/trainer_state.json,122,2026-09-22T17:33:38.776491+08:00,d6b2987fffbdb9dff486ecba0ffb9d887d86e9c3ec888c62debc630295c01096,json
21358,/root/autodl-tmp/mmb4dl/mllm/checkpoints/_protected_tvenc680/checkpoint-9200/reasonseg_config.json,1134,2026-09-22T17:42:13.623437+08:00,3428864f1e9b6375f5b64fc2d863786f3d346aeb0834f90a1390f52a5681d21e,json
21358,/root/autodl-tmp/mmb4dl/mllm/checkpoints/_protected_tvenc680/checkpoint-9200/trainer_state.json,122,2026-09-22T17:42:13.623437+08:00,e016a9454bc58bad337834b84b70057f840fb7bd5baf2a7ec9baab59cda08e96,json
21358,/root/autodl-tmp/mmb4dl/mllm/checkpoints/_protected_tvenc680/checkpoint-9400/reasonseg_config.json,1134,2026-09-22T18:03:26.820285+08:00,0ed800a6acaf47427bf168768f88d68ac268bdc27f6f2d60c732d140966779af,json
21358,/root/autodl-tmp/mmb4dl/mllm/checkpoints/_protected_tvenc680/checkpoint-9400/trainer_state.json,122,2026-09-22T18:03:26.820285+08:00,27256f114c9b2c6035feadeb20985548cd4877a24ad8eb108aa8e0909e370873,json
21358,/root/autodl-tmp/mmb4dl/mllm/checkpoints/_protected_tvenc680/checkpoint-9600/reasonseg_config.json,1134,2026-09-22T18:28:16.965075+08:00,1a0060470c8235813c9683860e88851604bd9820cd3810fa4e8c23bf9e75e378,json
21358,/root/autodl-tmp/mmb4dl/mllm/checkpoints/_protected_tvenc680/checkpoint-9600/trainer_state.json,123,2026-09-22T18:28:16.965075+08:00,b88d82ed92547c83c4ea3fc5ad60060ab8bdec21c399b27a54007be099fc3641,json
21358,/root/autodl-tmp/mmb4dl/mllm/checkpoints/reasonseg-tvenc680/checkpoint-best/reasonseg_config.json,1133,2026-09-22T09:20:06.367419+08:00,c30d52e60b89df56e67547d533e3f1162489471d96b415081730cc7462a03eb9,json
21358,/root/autodl-tmp/mmb4dl/mllm/checkpoints/reasonseg-tvenc680/checkpoint-best/trainer_state.json,121,2026-09-22T09:20:06.367419+08:00,05411d7e62469012241a3ef74d423e6e231543d1ac493bbbbf368ee908b2023a,json
21358,/root/autodl-tmp/mmb4dl/mllm/checkpoints/reasonseg-tvenc680/checkpoint-9400/reasonseg_config.json,1134,2026-09-22T18:03:26.820285+08:00,0ed800a6acaf47427bf168768f88d68ac268bdc27f6f2d60c732d140966779af,json
21358,/root/autodl-tmp/mmb4dl/mllm/checkpoints/reasonseg-tvenc680/checkpoint-9400/trainer_state.json,122,2026-09-22T18:03:26.820285+08:00,27256f114c9b2c6035feadeb20985548cd4877a24ad8eb108aa8e0909e370873,json
21358,/root/autodl-tmp/mmb4dl/mllm/checkpoints/reasonseg-tvenc680/checkpoint-9600/reasonseg_config.json,1134,2026-09-22T18:28:16.965075+08:00,1a0060470c8235813c9683860e88851604bd9820cd3810fa4e8c23bf9e75e378,json
21358,/root/autodl-tmp/mmb4dl/mllm/checkpoints/reasonseg-tvenc680/checkpoint-9600/trainer_state.json,123,2026-09-22T18:28:16.965075+08:00,b88d82ed92547c83c4ea3fc5ad60060ab8bdec21c399b27a54007be099fc3641,json
21358,/root/autodl-tmp/mmb4dl/mllm/checkpoints/reasonseg-internal679/checkpoint-best/reasonseg_config.json,1134,2026-09-23T17:22:11.427778+08:00,f6f7b0b655c1a8bbcec87dd89cab29ce83ae9939d2204e5f15bea3c2de0dbacd,json
21358,/root/autodl-tmp/mmb4dl/mllm/checkpoints/reasonseg-internal679/checkpoint-best/trainer_state.json,121,2026-09-23T17:22:11.427778+08:00,266d3e36059b8da17e262fbe0d9600c669eac580bf76ed5a922dd54070961cdb,json
21358,/root/autodl-tmp/mmb4dl/mllm/checkpoints/reasonseg-internal679/checkpoint-9200/reasonseg_config.json,1134,2026-09-23T20:42:17.512460+08:00,3428864f1e9b6375f5b64fc2d863786f3d346aeb0834f90a1390f52a5681d21e,json
21358,/root/autodl-tmp/mmb4dl/mllm/checkpoints/reasonseg-internal679/checkpoint-9200/trainer_state.json,121,2026-09-23T20:42:17.512460+08:00,6f3b8d814674dd0cb197c18510a14d1f6492dbdc83f31266ebe669a8609678e8,json
21358,/root/autodl-tmp/mmb4dl/mllm/checkpoints/reasonseg-internal679/checkpoint-9300/reasonseg_config.json,1134,2026-09-23T20:56:45.733171+08:00,d08456e54de3f44e67376f7a5eb37a4dafbc1eebf50f69705fd45b7bf74583d1,json
21358,/root/autodl-tmp/mmb4dl/mllm/checkpoints/reasonseg-internal679/checkpoint-9300/trainer_state.json,121,2026-09-23T20:56:45.733171+08:00,371d159c8fea3daea5cf8e48a6e524add316e48fd8bef5729660dbe9cb2181e0,json
21358,/root/autodl-tmp/mmb4dl/mllm/checkpoints/reasonseg-lossA1-bal-dice/checkpoint-best/reasonseg_config.json,1239,2026-09-24T02:28:11.492580+08:00,c69d5d76b700a7617d2cbc015f5015de5a4ac82bbe71841ae77f7837b83d1a01,json
21358,/root/autodl-tmp/mmb4dl/mllm/checkpoints/reasonseg-lossA1-bal-dice/checkpoint-best/trainer_state.json,121,2026-09-24T02:28:11.492580+08:00,7e092a77375685ea29e11cbbe17337e8c16057ab237f83d67cf5e6316c0a4ad5,json
21358,/root/autodl-tmp/mmb4dl/mllm/checkpoints/reasonseg-lossA1-bal-dice/checkpoint-1800/reasonseg_config.json,1239,2026-09-24T03:10:50.245508+08:00,ece0dedf8e3050b80fc2b7d5f9886d20ab399b11311422ad4bb5becf0aa0775f,json
21358,/root/autodl-tmp/mmb4dl/mllm/checkpoints/reasonseg-lossA1-bal-dice/checkpoint-1800/trainer_state.json,121,2026-09-24T03:10:50.245508+08:00,a7193d4932c06d324ef3292a21d510aef4567b54a44fd59b9f62ebba56c14807,json
21358,/root/autodl-tmp/mmb4dl/mllm/checkpoints/reasonseg-lossA1-bal-dice/checkpoint-1860/reasonseg_config.json,1239,2026-09-24T03:20:53.094319+08:00,02e1b4bd851b81723f5c06775ccfd58c63b51656d4996337c0fc20d3d78e125c,json
21358,/root/autodl-tmp/mmb4dl/mllm/checkpoints/reasonseg-lossA1-bal-dice/checkpoint-1860/trainer_state.json,121,2026-09-24T03:20:53.094319+08:00,889f3e20ede790aa4c63f572205aa53e42e96f866f9f01908025b051b25e6a4c,json
21358,/root/autodl-tmp/mmb4dl/mllm/checkpoints/reasonseg-lossA2-plain-tversky/checkpoint-best/reasonseg_config.json,1239,2026-09-24T06:55:40.143770+08:00,40ee48e693eb0f40e3f62ae206e7134aacf580ac92bc0f5bc0895c7ca67c34ba,json
21358,/root/autodl-tmp/mmb4dl/mllm/checkpoints/reasonseg-lossA2-plain-tversky/checkpoint-best/trainer_state.json,121,2026-09-24T06:55:40.143770+08:00,d4fa5c458e55061694ebe2040eee4f730f132298aba3720f1e180cff7954c8fc,json
21358,/root/autodl-tmp/mmb4dl/mllm/checkpoints/reasonseg-lossA2-plain-tversky/checkpoint-1800/reasonseg_config.json,1239,2026-09-24T06:45:36.576770+08:00,4d926b3deaa57518948a2aaf4b09cbd52ec32ca8ee84d8de69ada5381aef0e88,json
21358,/root/autodl-tmp/mmb4dl/mllm/checkpoints/reasonseg-lossA2-plain-tversky/checkpoint-1800/trainer_state.json,121,2026-09-24T06:45:36.576770+08:00,9d90f30176845b1953328f7e502271b7dd85d7c4055be68fa6061858633ce936,json
21358,/root/autodl-tmp/mmb4dl/mllm/checkpoints/reasonseg-lossA2-plain-tversky/checkpoint-1860/reasonseg_config.json,1239,2026-09-24T06:55:37.627823+08:00,40ee48e693eb0f40e3f62ae206e7134aacf580ac92bc0f5bc0895c7ca67c34ba,json
21358,/root/autodl-tmp/mmb4dl/mllm/checkpoints/reasonseg-lossA2-plain-tversky/checkpoint-1860/trainer_state.json,121,2026-09-24T06:55:37.627823+08:00,d4fa5c458e55061694ebe2040eee4f730f132298aba3720f1e180cff7954c8fc,json
21358,/root/autodl-tmp/mmb4dl/mllm/checkpoints/reasonseg-lossA3-bal-tversky/checkpoint-best/reasonseg_config.json,1242,2026-09-24T09:37:27.062014+08:00,3e7406d1571d04266a12774b08b9287eee6ceb7fd61320129d9a26aa791d2242,json
21358,/root/autodl-tmp/mmb4dl/mllm/checkpoints/reasonseg-lossA3-bal-tversky/checkpoint-best/trainer_state.json,121,2026-09-24T09:37:27.062014+08:00,6cfc9eaea47f84c94f9641587e1ec2f4f16f621a2ec55bc683696464a10ba1aa,json
21358,/root/autodl-tmp/mmb4dl/mllm/checkpoints/reasonseg-lossA3-bal-tversky/checkpoint-1800/reasonseg_config.json,1242,2026-09-24T10:20:07.578617+08:00,c3b2b10c41245f00ddecc22e057f31afbe7c089b03a88a030e0e9ed4204a3bb1,json
21358,/root/autodl-tmp/mmb4dl/mllm/checkpoints/reasonseg-lossA3-bal-tversky/checkpoint-1800/trainer_state.json,121,2026-09-24T10:20:07.578617+08:00,82e0d5386ea9983b98a585a1dabd4ed72abd27e5d6b59ce407066ec2dee2bfef,json
21358,/root/autodl-tmp/mmb4dl/mllm/checkpoints/reasonseg-lossA3-bal-tversky/checkpoint-1860/reasonseg_config.json,1242,2026-09-24T10:30:08.608240+08:00,28d318f18c4b9c5dfb2a15cf8ec802378dd52eb1587b75b8296f4bbd1912db54,json
21358,/root/autodl-tmp/mmb4dl/mllm/checkpoints/reasonseg-lossA3-bal-tversky/checkpoint-1860/trainer_state.json,121,2026-09-24T10:30:08.608240+08:00,b284e97cb63e0614b067ebef5e12355228708d1ff295d9ca3553b90b7cd14db3,json
21358,/root/autodl-tmp/mmb4dl/mllm/checkpoints/reasonseg-lossA2-plain-tversky-ext20/checkpoint-best/reasonseg_config.json,1240,2026-09-25T02:18:34.764229+08:00,92e828e8616338dc1622725118379312bb0eee5aba20c28317ad018492358888,json
21358,/root/autodl-tmp/mmb4dl/mllm/checkpoints/reasonseg-lossA2-plain-tversky-ext20/checkpoint-best/trainer_state.json,121,2026-09-25T02:18:34.764229+08:00,86f6676ec894d4af935db4f7c0b44d44821cc7b38c5767797511e66a70d0165c,json
21358,/root/autodl-tmp/mmb4dl/mllm/checkpoints/reasonseg-lossA2-plain-tversky-ext20/checkpoint-9200/reasonseg_config.json,1240,2026-09-25T05:37:46.912885+08:00,8d13eda4fc9e4c601eeb971f5c7d35e131e011485c01f9ce42f5e4ccffaa34a7,json
21358,/root/autodl-tmp/mmb4dl/mllm/checkpoints/reasonseg-lossA2-plain-tversky-ext20/checkpoint-9200/trainer_state.json,121,2026-09-25T05:37:46.912885+08:00,46d9ecd2ed827cabedbb72fe4c32cd2d98d48e810708f64d94b25845e5b549b5,json
21358,/root/autodl-tmp/mmb4dl/mllm/checkpoints/reasonseg-lossA2-plain-tversky-ext20/checkpoint-9300/reasonseg_config.json,1240,2026-09-25T05:52:13.871623+08:00,6da4a8b5d8d37d8abf61eb28f1a4bec9ff3313fd6228be7c17b25e79e971f732,json
21358,/root/autodl-tmp/mmb4dl/mllm/checkpoints/reasonseg-lossA2-plain-tversky-ext20/checkpoint-9300/trainer_state.json,121,2026-09-25T05:52:13.871623+08:00,8540b891d4753b49f3f8ae0a44b8e0d55a2b08377c43ce6e04550e884cc4d6cf,json
21358,/root/autodl-tmp/mmb4dl/mllm/checkpoints/reasonseg-lossB1-noprior-tversky/checkpoint-best/reasonseg_config.json,1267,2026-09-25T18:07:14.438772+08:00,c8696aa951d7af5b3984c9ec750398b246caee2c9813a09b37c4e4252e77bb59,json
21358,/root/autodl-tmp/mmb4dl/mllm/checkpoints/reasonseg-lossB1-noprior-tversky/checkpoint-best/trainer_state.json,121,2026-09-25T18:07:14.438772+08:00,5afefa896fb3ea3e2ea05fd482b6bad283cc145e8480f12663236689445c180f,json
21358,/root/autodl-tmp/mmb4dl/mllm/checkpoints/reasonseg-lossB1-noprior-tversky/checkpoint-1800/reasonseg_config.json,1267,2026-09-25T17:57:04.377400+08:00,d58af35153128fad9b94b97117fb45544f9fe014c3c876eabcd9009569698166,json
21358,/root/autodl-tmp/mmb4dl/mllm/checkpoints/reasonseg-lossB1-noprior-tversky/checkpoint-1800/trainer_state.json,121,2026-09-25T17:57:04.377400+08:00,7583cbc6a820fe754e33d8735c909cf354ae0ba1e3d360b049b667e3ca9a313a,json
21358,/root/autodl-tmp/mmb4dl/mllm/checkpoints/reasonseg-lossB1-noprior-tversky/checkpoint-1860/reasonseg_config.json,1267,2026-09-25T18:07:11.958824+08:00,c8696aa951d7af5b3984c9ec750398b246caee2c9813a09b37c4e4252e77bb59,json
21358,/root/autodl-tmp/mmb4dl/mllm/checkpoints/reasonseg-lossB1-noprior-tversky/checkpoint-1860/trainer_state.json,121,2026-09-25T18:07:11.962824+08:00,5afefa896fb3ea3e2ea05fd482b6bad283cc145e8480f12663236689445c180f,json
21358,/root/segmini.log,118121,2026-09-18T22:50:40.585348+08:00,06038fdf754378d2adefe068edfb9d8f39034805508bc022cf63d9082fd08c17,log
21358,/root/segmini2.log,1756705,2026-09-19T14:41:33.742843+08:00,a0dd7c4b69cb0d15f02e372fd049d2dfa66129bc166dbb0b7c57a128635f255f,log
21358,/root/segmini_monitor.log,52400,2026-09-21T19:54:12.696755+08:00,636e9da848662f1f4e676a93c4f72fcf879a3de8cd7fa01b079d7a1c29453846,log
21358,/root/segtv.log,2142607,2026-09-20T13:34:05.657210+08:00,56079b3de48157d737c9f6770f9fe92ea47e31580b771defa566a137d297049d,log
21358,/root/seglr5e4.log,325004,2026-09-20T16:24:00.776271+08:00,b2ab60be323b86516279bf1f5a1f77ddc16a5932d709781d01ffb9d27c1218b4,log
21358,/root/segB.log,180334,2026-09-20T19:22:48.467822+08:00,44f3287f78812efe1297b6b4414129ed44b6142510cccf887c073be57c670aea,log
21358,/root/segtvenc.log,2126284,2026-09-21T19:37:34.329731+08:00,fae8d8fd18341a3562c000fd94e9486a3cb8489b6f24b0f722679690fb6e2d1d,log
21358,/root/spatpretrain.log,9996,2026-09-20T22:58:05.906852+08:00,95136bda86f6b34851c0e33e1a62af7f6f550d6416b7c7294dc64e5e5180ccd6,log
21358,/root/spatpretrain2.log,98702,2026-09-21T01:04:06.696050+08:00,3c727df5a0a7e34e93e2fce9e445d44c01f7d35648788de701513ea3077a4d37,log
21358,/root/probe.log,4803,2026-09-19T21:51:08.505643+08:00,a9c68e1685af65bc25f15f413c38009bab1d3d1e2e44e691de7e122af623b5e6,log
21358,/root/probe2.log,8671,2026-09-19T22:40:00.609654+08:00,3f385cb0961a5a375f07d71c69340f8e7bcf8d6a378abda8a3a0799a670d706f,log
21358,/root/probe3.log,4278,2026-09-19T22:53:36.336314+08:00,75cea82a6fe8cac3e64d8fdb4c7c38411ce173741612f17e421743d5723793c3,log
21358,/root/probe4.log,4258,2026-09-19T23:07:11.109683+08:00,98b664cdfd85c1ebe5e44c5d79246b242f63d6a61d5f54388af9248409b5de12,log
21358,/root/reasonseg_tvenc_eval.log,12317,2026-09-21T20:04:55.710040+08:00,30bf32a17e9e47aacf15ea9991eec5be9356eb4687a0191752e99e780ced7be7,log
21358,/root/diag_eval.out,6940,2026-09-19T11:44:52.922242+08:00,a24b73e7a47aef8c2c3762909c0bc6980d02c1207dea87839607b311119a940c,log
21358,/root/run_seg_mini.sh,824,2026-09-18T21:51:34.553828+08:00,c9304d1b93221029cae54fe2dd2fe304ee3dc9e023707795e9098e037c205920,script
21358,/root/run_seg_mini2.sh,948,2026-09-19T00:15:25.810565+08:00,940544e790f86abbbdd34b2be2dce1c3ef55cd3a48849c3a6b1a3abdbb9e6388,script
21358,/root/backup_20260920/reasonseg-trainval-4090__best_state.json,123,2026-09-20T20:47:24.596414+08:00,946d83b49ee9970d458e00f6afecebc129346204747dd8c018b0312cd980f4b4,json
21358,/root/backup_20260920/reasonseg-mini-4090__best_state.json,123,2026-09-20T20:47:24.600414+08:00,37e76744b7dd8081e018fb528d8e77ef209572b674d513108aa16e4aa871e788,json
21358,/root/backup_20260920/reasonseg-lr5e4__best_state.json,121,2026-09-20T20:47:24.604414+08:00,a14d52cd0851782b335216f7c10dc2f77ee2ece2142a4ba97072992b201a84d1,json
21358,/root/backup_20260920/reasonseg-recipe-b__best_state.json,104,2026-09-20T20:47:24.608413+08:00,3f0e7fdc8dea84fabf5821bad7e18c0f53463698c4e92206d171532b494cfd2f,json
21358,/root/backup_20260920/spatpretrain_nan_run.log,9996,2026-09-20T22:59:54.936469+08:00,95136bda86f6b34851c0e33e1a62af7f6f550d6416b7c7294dc64e5e5180ccd6,log
21358,/root/backup_20260920/reasonseg_data_trainval/run_trainval.sh,1003,2026-09-20T20:47:24.500413+08:00,1e9cbfc6c220b1abaaff760964734be00fbd428d6a7f535864a6541d0ee4f138,script
21358,/root/backup_20260920/reasonseg_data_trainval/probe_epoch3_query_vs_answer.json,2828,2026-09-20T20:47:24.504413+08:00,c2dfe2f6cbc3e3610ab0dd536ffead1e38f9516c6d644c1e107ffff705f0bee6,json
21358,/root/backup_20260920/reasonseg_data_trainval/probe_epoch3_oracle.json,2829,2026-09-20T20:47:24.504413+08:00,8a34e77e1403786e1b16a0775d2e4692abb58b27f208453882cd3965d922b09e,json
21358,/root/backup_20260920/reasonseg_data_trainval/probe_epoch3_oracle2.json,2829,2026-09-20T20:47:24.504413+08:00,c05ac97891363f08439184857397831fdee7ff1b017139a6484bc57e5f8d5aeb,json
21358,/root/backup_20260920/reasonseg_data_trainval/probe_epoch3_oracle3.json,2809,2026-09-20T20:47:24.504413+08:00,e4f955c20e45d9c68164b8f433511b3ae99985a04f51101c791204413e30d538,json
21358,/root/backup_20260920/reasonseg_data_trainval/run_recipe_b.sh,1102,2026-09-20T20:47:24.504413+08:00,b8f373247711f6b76fea6e85c0b978c4e075ec836f7c327ca82fa44beba6557a,script
21358,/root/backup_20260920/reasonseg_data_trainval/run_lr5e4.sh,1019,2026-09-20T20:47:24.592413+08:00,d868e5be6d3990e8ecfe102c1fba478f248f218bf7095bed3221e714c717cf8f,script
21358,/root/backup_20260920/reasonseg_data_trainval/probe_epoch3_stub.json,3354,2026-09-20T20:47:24.592413+08:00,3d38176ca0bc469128296cf0bf98380491db8c1ecabe5fb7f2bd22c41cbfaa55,json
21358,/root/backup_20260920/reasonseg_data_trainval/probe_runs.sh,1063,2026-09-20T20:47:24.592413+08:00,bdd7c4225134cf4c404359074f1eb7e6711b2bc743af6d3867c27d8f2a8b0357,script
21358,/root/backup_20260920/reasonseg_data_trainval/pipeline.sh,1484,2026-09-20T20:47:24.592413+08:00,3f13a7ed712f7e0422ea74f171cfa322c071107881af3a222bb82d6225bc4896,script
21358,/root/backup_20260920/reasonseg_data_trainval/pipeline.log,1505,2026-09-20T20:47:24.592413+08:00,616a36f4e0ece91dc94e45f1a8c9b02c37fe36329444fe29d8a9ed66c95834f8,log
21358,/root/autodl-tmp/mmb4dl/mllm/reasonseg_trainval/extract_lidar.sh,657,2026-09-19T15:16:32.894015+08:00,e2339cea19a43003849811b5cc38dfd62091c1e9510e1c94639bc9b155a41680,script
21358,/root/autodl-tmp/mmb4dl/mllm/reasonseg_trainval/extract.log,1405,2026-09-19T16:30:53.424466+08:00,64663e263c8b99042cfaac8709683815adbb8768d504ff4207ae0cd0fa611598,log
21358,/root/autodl-tmp/mmb4dl/mllm/reasonseg_trainval/extract_lidar_all.sh,624,2026-09-20T21:10:46.050134+08:00,989bb88debddf8fae56a322ce6c648f1475151357c46ff16ca1e245234a01b8e,script
21358,/root/autodl-tmp/mmb4dl/mllm/reasonseg_trainval/run_spatial_tv.sh,608,2026-09-20T22:59:54.940469+08:00,e8e1571ccd27d933fd00d1b04d5807c13b40a632a3d337f46911a235acf76e9e,script
21358,/root/autodl-tmp/mmb4dl/mllm/reasonseg_trainval/watch_and_pretrain.sh,467,2026-09-20T21:10:46.054134+08:00,131eb667167187a41f4921aeff5249ceb8562ce5b0c59e5bc61d8d82690be204,script
21358,/root/autodl-tmp/mmb4dl/mllm/reasonseg_trainval/chain_tvenc.sh,733,2026-09-20T23:39:25.671288+08:00,529b7f2fa9301c20200c3cef0cc2b7a99f27449537813157e3eb0151c4ec7c3f,script
21358,/root/autodl-tmp/mmb4dl/mllm/reasonseg_data_trainval/pipeline.sh,1484,2026-09-19T14:57:00.204591+08:00,3f13a7ed712f7e0422ea74f171cfa322c071107881af3a222bb82d6225bc4896,script
21358,/root/autodl-tmp/mmb4dl/mllm/reasonseg_data_trainval/pipeline.log,1505,2026-09-19T16:33:10.095751+08:00,616a36f4e0ece91dc94e45f1a8c9b02c37fe36329444fe29d8a9ed66c95834f8,log
21358,/root/autodl-tmp/mmb4dl/mllm/reasonseg_data_trainval/run_trainval.sh,1003,2026-09-19T17:45:28.974143+08:00,1e9cbfc6c220b1abaaff760964734be00fbd428d6a7f535864a6541d0ee4f138,script
21358,/root/autodl-tmp/mmb4dl/mllm/reasonseg_data_trainval/probe_epoch3_stub.json,3354,2026-09-19T21:51:04.069574+08:00,3d38176ca0bc469128296cf0bf98380491db8c1ecabe5fb7f2bd22c41cbfaa55,json
21358,/root/autodl-tmp/mmb4dl/mllm/reasonseg_data_trainval/probe_runs.sh,1063,2026-09-19T21:52:09.930512+08:00,bdd7c4225134cf4c404359074f1eb7e6711b2bc743af6d3867c27d8f2a8b0357,script
21358,/root/autodl-tmp/mmb4dl/mllm/reasonseg_data_trainval/probe_epoch3_query_vs_answer.json,2828,2026-09-19T22:27:22.993333+08:00,c2dfe2f6cbc3e3610ab0dd536ffead1e38f9516c6d644c1e107ffff705f0bee6,json
21358,/root/autodl-tmp/mmb4dl/mllm/reasonseg_data_trainval/probe_epoch3_oracle.json,2829,2026-09-19T22:39:56.565679+08:00,8a34e77e1403786e1b16a0775d2e4692abb58b27f208453882cd3965d922b09e,json
21358,/root/autodl-tmp/mmb4dl/mllm/reasonseg_data_trainval/probe_epoch3_oracle2.json,2829,2026-09-19T22:53:32.168342+08:00,c05ac97891363f08439184857397831fdee7ff1b017139a6484bc57e5f8d5aeb,json
21358,/root/autodl-tmp/mmb4dl/mllm/reasonseg_data_trainval/probe_epoch3_oracle3.json,2809,2026-09-19T23:07:07.081767+08:00,e4f955c20e45d9c68164b8f433511b3ae99985a04f51101c791204413e30d538,json
21358,/root/autodl-tmp/mmb4dl/mllm/reasonseg_data_trainval/run_lr5e4.sh,1019,2026-09-20T13:34:11.485099+08:00,d868e5be6d3990e8ecfe102c1fba478f248f218bf7095bed3221e714c717cf8f,script
21358,/root/autodl-tmp/mmb4dl/mllm/reasonseg_data_trainval/run_recipe_b.sh,1102,2026-09-20T17:52:30.200116+08:00,b8f373247711f6b76fea6e85c0b978c4e075ec836f7c327ca82fa44beba6557a,script
21358,/root/autodl-tmp/mmb4dl/mllm/reasonseg_data_trainval/run_reasonseg_tvenc.sh,1079,2026-09-20T21:12:49.337901+08:00,696b9ed21290053b9030fd4a2f3e24a0a5358995ee75c8e3fb89c4d8cababc4a,script
21358,/root/autodl-tmp/mmb4dl/mllm/reasonseg_data_trainval/build_subset_680x11.sh,458,2026-09-21T01:16:04.362709+08:00,9aee31824fdda3c936a3e294fa54337ee55fe4d13e0a9f86cd54700f8a3f1e67,script
21358,/root/autodl-tmp/mmb4dl/mllm/reasonseg_data_trainval/run_reasonseg_fullsub.sh,1083,2026-09-21T01:16:32.490348+08:00,6f29df43d80ca70323309934e2cbe0ea43618ef18c02a0456a66cafdfc7c8079,script
21358,/root/autodl-tmp/mmb4dl/mllm/reasonseg_data_trainval/run_reasonseg_tvenc680.sh,1105,2026-09-22T00:15:57.013648+08:00,991b85deee85328d2e174d854836fa94f9e8a4a31f1009ee66a89c65f78ca15c,script
42105,/root/autodl-tmp/mmb4dl/mllm/eval_results/stage2_full_seq/metrics.json,1099,2026-08-23T16:39:55+08:00,626851d1014b2281142f20804e2a2df3e220548c9d8a59866159d43511cf5efb,json
42105,/root/autodl-tmp/mmb4dl/mllm/eval_results/stage2_full_seqv2/metrics.json,1097,2026-08-25T14:49:45+08:00,5f9a45247e9c61c9f332f96e6405d41fa84cda2b6fcb85ff2632e037a10db97a,json
42105,/root/autodl-tmp/mmb4dl/mllm/eval_results/stage23_seqv3/metrics.json,1090,2026-08-26T13:14:23+08:00,92ed00549dc2ff426e3e5ade03d4136261cf585e1432f80762f1e7934e758bfd,json
42105,/root/autodl-tmp/mmb4dl/mllm/eval_results/stage2_full_seqv3_mixed/metrics.json,1094,2026-08-27T19:28:21+08:00,abba8e7fb8cc317d62c62a4a2ff54390e837f11e7a28baf764d29824cb7467d1,json
42105,/root/autodl-tmp/mmb4dl/mllm/eval_results/stage2_full_seqv3_mixed/metrics_recomputed_20260829.json,1266,2026-08-29T21:26:06+08:00,111171f6f7c5524c73968238a3e2cb600a97b37c96e72df5065d286296cccf84,json
42105,/root/autodl-tmp/mmb4dl/mllm/eval_results/stage2_full_seqv3_mixed/metrics_recomputed_20260907_dual.json,2574,2026-09-07T21:30:30+08:00,d899fb4ccdf9d2c651dd2c2d2be8c8039eb1f5645662ebd6a4b68c6724d3a821,json
42105,/root/autodl-tmp/mmb4dl/mllm/eval_results/stage2_full_seqv3_mixed_b1/metrics.json,1268,2026-09-01T04:10:28+08:00,a75e0f57f12d09fb015afca9062718c798a1b101630b658deb3a4317c0a1a86e,json
42105,/root/autodl-tmp/mmb4dl/mllm/eval_results/stage2_full_seqv3_mixed_b1/metrics_recomputed_20260907_dual.json,2481,2026-09-07T21:31:18+08:00,245d19ecceb2cdabd7255dc70feacb55c25c652e028800f294423d38ae6046b5,json
42105,/root/autodl-tmp/mmb4dl/mllm/eval_results/stage2_full_seqv3_mixed_b2/metrics.json,1272,2026-09-02T13:45:11+08:00,31bdd00d1057b3af4ad2ed2584733a5e99b5eaca2948df670a92a85a567b3ece,json
42105,/root/autodl-tmp/mmb4dl/mllm/eval_results/stage2_full_seqv3_mixed_b2/metrics_recomputed_20260907_dual.json,2486,2026-09-07T21:32:07+08:00,7be57c8ecb914b22fdb93b48301f8002a8c355c3bf32bc0a4225ba2a8ee25cf3,json
42105,/root/autodl-tmp/mmb4dl/mllm/eval_results/official_ckpt_nometa/metrics.json,578,2026-09-02T16:34:34+08:00,69a20fe2a10080146c33d654cede64ae5cbc2f04a87a47dc6b414b8699ea9def,json
42105,/root/autodl-tmp/mmb4dl/mllm/eval_results/stage2_full_seqv3_mixed_b3/metrics.json,1268,2026-09-05T17:28:48+08:00,6777e9e731270bf2122f86b30822326507d1edabcc730dbb4528e9ec037fcaea,json
42105,/root/autodl-tmp/mmb4dl/mllm/eval_results/stage2_full_seqv3_mixed_b3/metrics_recomputed_20260907_dual.json,2481,2026-09-07T21:32:53+08:00,6d589631f89a2155770aa85069c48e0845f1468f7c607b7f8cc467bff0c59cd5,json
42105,/root/autodl-tmp/mmb4dl/mllm/eval_results/stage2_full_seqv3_mixed_b4a/metrics.json,2482,2026-09-08T18:18:27+08:00,30e6c3312a9eda24f65ecf000f0d65d723ec1646644d7b36196266be5f3e7708,json
42105,/root/autodl-tmp/mmb4dl/mllm/eval_results/framepos3ep/metrics.json,2275,2026-09-13T12:53:33.587655+08:00,d2a7040433f0d7b30d8c7ff15394cd386f556639bbfea03d77380d8bebdb6104,json
42105,/root/autodl-tmp/mmb4dl/mllm/eval_results/grpo_tg/metrics.json,2280,2026-09-13T22:40:44.207348+08:00,2756b7177fc728579b25ead2798d9ab38c48d1b0a197bd46effb0cfb07e58d97,json
42105,/root/autodl-tmp/mmb4dl/mllm/eval_results/migration_b3/metrics.json,2277,2026-09-12T17:15:16.638484+08:00,83af6515640e517e60416858ffe4aed816d4e52517553eb423d2e10851981eff,json
42105,/root/autodl-tmp/mmb4dl/mllm/training_logs/eval_stage2_full_seqv3_mixed.log,2695104,2026-09-10T11:29:05+08:00,423dc29621864ee730c84ee4ddc23fa47dc0afeb6eb8057e441f22674240ec93,log
42105,/root/autodl-tmp/mmb4dl/mllm/checkpoints/reasonseg-spatial-mini/spatial-last/spatial_config.json,848,2026-09-18T00:37:26.109685+08:00,6ae19dbd6ca1dc08809d2a6646b185358214f5bc0a45059bf27245d3041a3604,json
42105,/root/autodl-tmp/mmb4dl/mllm/checkpoints/reasonseg-spatial-mini/spatial-best/spatial_config.json,848,2026-09-18T00:37:26.117686+08:00,6ae19dbd6ca1dc08809d2a6646b185358214f5bc0a45059bf27245d3041a3604,json
42105,/root/seg_smoke.log,5948,2026-09-18T00:41:41.405011+08:00,a681a3f07fb6fd1fa03122903f457e7048883e6c37b22a84aaecbd5bacd91d9c,log
42105,/root/seg_smoke2.log,10140,2026-09-18T01:10:35.198460+08:00,ea7eba894f1a4cc9962d1e2914be749c0fd8e32000031c963b587e13d826b102,log
42105,/root/spatial_smoke.log,2971,2026-09-18T00:37:27.169700+08:00,c06eca6b0a97a45fb46beb4d0dcf2f934fba8dc5e7ae03e0e30661993126f1d0,log
52913,/root/autodl-tmp/mmb4dl/mllm/eval_results/official_ckpt_nometa/metrics.json,578,2026-09-02T16:34:34+08:00,69a20fe2a10080146c33d654cede64ae5cbc2f04a87a47dc6b414b8699ea9def,json
52913,/root/autodl-tmp/mmb4dl/mllm/eval_results/stage23_seqv3/metrics.json,1090,2026-08-26T13:14:23+08:00,92ed00549dc2ff426e3e5ade03d4136261cf585e1432f80762f1e7934e758bfd,json
52913,/root/autodl-tmp/mmb4dl/mllm/eval_results/stage2_full_seq/metrics.json,1099,2026-08-23T16:39:55+08:00,626851d1014b2281142f20804e2a2df3e220548c9d8a59866159d43511cf5efb,json
52913,/root/autodl-tmp/mmb4dl/mllm/eval_results/stage2_full_seqv2/metrics.json,1097,2026-08-25T14:49:45+08:00,5f9a45247e9c61c9f332f96e6405d41fa84cda2b6fcb85ff2632e037a10db97a,json
52913,/root/autodl-tmp/mmb4dl/mllm/eval_results/stage2_full_seqv3_mixed/metrics.json,1094,2026-08-27T19:28:21+08:00,abba8e7fb8cc317d62c62a4a2ff54390e837f11e7a28baf764d29824cb7467d1,json
52913,/root/autodl-tmp/mmb4dl/mllm/eval_results/stage2_full_seqv3_mixed/metrics_recomputed_20260829.json,1266,2026-08-29T21:26:06+08:00,111171f6f7c5524c73968238a3e2cb600a97b37c96e72df5065d286296cccf84,json
52913,/root/autodl-tmp/mmb4dl/mllm/eval_results/stage2_full_seqv3_mixed/metrics_recomputed_20260907_dual.json,2574,2026-09-07T21:30:30+08:00,d899fb4ccdf9d2c651dd2c2d2be8c8039eb1f5645662ebd6a4b68c6724d3a821,json
52913,/root/autodl-tmp/mmb4dl/mllm/eval_results/stage2_full_seqv3_mixed_b1/metrics.json,1268,2026-09-01T04:10:28+08:00,a75e0f57f12d09fb015afca9062718c798a1b101630b658deb3a4317c0a1a86e,json
52913,/root/autodl-tmp/mmb4dl/mllm/eval_results/stage2_full_seqv3_mixed_b1/metrics_recomputed_20260907_dual.json,2481,2026-09-07T21:31:18+08:00,245d19ecceb2cdabd7255dc70feacb55c25c652e028800f294423d38ae6046b5,json
52913,/root/autodl-tmp/mmb4dl/mllm/eval_results/stage2_full_seqv3_mixed_b2/metrics.json,1272,2026-09-02T13:45:11+08:00,31bdd00d1057b3af4ad2ed2584733a5e99b5eaca2948df670a92a85a567b3ece,json
52913,/root/autodl-tmp/mmb4dl/mllm/eval_results/stage2_full_seqv3_mixed_b2/metrics_recomputed_20260907_dual.json,2486,2026-09-07T21:32:07+08:00,7be57c8ecb914b22fdb93b48301f8002a8c355c3bf32bc0a4225ba2a8ee25cf3,json
52913,/root/autodl-tmp/mmb4dl/mllm/eval_results/stage2_full_seqv3_mixed_b3/metrics.json,1268,2026-09-05T17:28:48+08:00,6777e9e731270bf2122f86b30822326507d1edabcc730dbb4528e9ec037fcaea,json
52913,/root/autodl-tmp/mmb4dl/mllm/eval_results/stage2_full_seqv3_mixed_b3/metrics_recomputed_20260907_dual.json,2481,2026-09-07T21:32:53+08:00,6d589631f89a2155770aa85069c48e0845f1468f7c607b7f8cc467bff0c59cd5,json
52913,/root/autodl-tmp/mmb4dl/mllm/eval_results/stage2_full_seqv3_mixed_b4a/metrics.json,2482,2026-09-08T18:18:27+08:00,30e6c3312a9eda24f65ecf000f0d65d723ec1646644d7b36196266be5f3e7708,json
52913,/root/autodl-tmp/mmb4dl/mllm/eval_results/migration_b3/metrics.json,2277,2026-09-12T17:15:16.638484+08:00,83af6515640e517e60416858ffe4aed816d4e52517553eb423d2e10851981eff,json
52913,/root/autodl-tmp/mmb4dl/mllm/eval_results/framepos3ep/metrics.json,2275,2026-09-13T12:53:33.587655+08:00,d2a7040433f0d7b30d8c7ff15394cd386f556639bbfea03d77380d8bebdb6104,json
52913,/root/autodl-tmp/mmb4dl/mllm/eval_results/grpo_tg/metrics.json,2280,2026-09-13T22:40:44.207348+08:00,2756b7177fc728579b25ead2798d9ab38c48d1b0a197bd46effb0cfb07e58d97,json
