source,epoch,samples,mean_iou,global_iou,objects,recall,hits
/root/autodl-tmp/mmb4dl/mllm/training_logs/_smokeA.log,,2,0.0,0.0,2,,
/root/autodl-tmp/mmb4dl/mllm/training_logs/tfval_stageA.log,,2248,0.10370877965449167,0.3377340999520863,2322,,
/root/autodl-tmp/mmb4dl/mllm/training_logs/tfval_stageA.log,,300,0.09104438645424297,0.2293979715795124,316,,
/root/autodl-tmp/mmb4dl/mllm/training_logs/tvenc680.log,0,,0.035113196079953723,0.2772092015250327,2308,,
/root/autodl-tmp/mmb4dl/mllm/training_logs/tvenc680.log,1,,0.05242354478680991,0.2789188235326556,2304,,
/root/autodl-tmp/mmb4dl/mllm/training_logs/tvenc680.log,2,,0.07572526828601181,0.30798674298262557,2307,,
/root/autodl-tmp/mmb4dl/mllm/training_logs/tvenc680.log,3,,0.07804680837408706,0.31204425888734444,2310,,
/root/autodl-tmp/mmb4dl/mllm/training_logs/tvenc680.log,4,,0.08729433684942278,0.3398527111171571,2310,,
/root/autodl-tmp/mmb4dl/mllm/training_logs/tvenc680.log,5,,0.10626595943170017,0.27724960760717615,2316,,
/root/autodl-tmp/mmb4dl/mllm/training_logs/tvenc680.log,6,,0.10020763810532422,0.29283888031739036,2319,,
/root/autodl-tmp/mmb4dl/mllm/training_logs/tvenc680.log,7,,0.10609431779524112,0.338487959014312,2314,,
/root/autodl-tmp/mmb4dl/mllm/training_logs/tvenc680.log,8,,0.1085157562020807,0.28730257639304974,2320,,
/root/autodl-tmp/mmb4dl/mllm/training_logs/tvenc680.log,9,,0.11280106648719569,0.33044560355057795,2320,,
/root/autodl-tmp/mmb4dl/mllm/training_logs/tvenc680.log,10,,0.11042791171807773,0.32051561537367895,2322,,
/root/autodl-tmp/mmb4dl/mllm/training_logs/tvenc680.log,11,,0.10650315403734407,0.3376706918874024,2317,,
/root/autodl-tmp/mmb4dl/mllm/training_logs/tvenc680.log,12,,0.108049399169222,0.3432731142888331,2315,,
/root/autodl-tmp/mmb4dl/mllm/training_logs/tvenc680.log,13,,0.10670151195577691,0.3669391407209694,2321,,
/root/autodl-tmp/mmb4dl/mllm/training_logs/tvenc680.log,14,,0.09809125295468805,0.3496840152954915,2317,,
/root/autodl-tmp/mmb4dl/mllm/training_logs/tvenc680.log,15,,0.10829187271269856,0.34670074794395206,2328,,
/root/autodl-tmp/mmb4dl/mllm/training_logs/tvenc680.log,16,,0.10699090306251106,0.34816264441988826,2324,,
/root/autodl-tmp/mmb4dl/mllm/training_logs/tvenc680.log,17,,0.11140213993213027,0.34506637932676476,2328,,
/root/autodl-tmp/mmb4dl/mllm/training_logs/tvenc680.log,18,,0.10698711177992544,0.3513266893979267,2327,,
/root/autodl-tmp/mmb4dl/mllm/training_logs/tvenc680.log,19,,0.1097303637663309,0.35225460019321936,2326,,
/root/autodl-tmp/mmb4dl/mllm/training_logs/monitor_tvenc680.log,0,,0.035113196079953723,0.2772092015250327,2308,,
/root/autodl-tmp/mmb4dl/mllm/training_logs/monitor_tvenc680.log,1,,0.05242354478680991,0.2789188235326556,2304,,
/root/autodl-tmp/mmb4dl/mllm/training_logs/monitor_tvenc680.log,2,,0.07572526828601181,0.30798674298262557,2307,,
/root/autodl-tmp/mmb4dl/mllm/training_logs/monitor_tvenc680.log,3,,0.07804680837408706,0.31204425888734444,2310,,
/root/autodl-tmp/mmb4dl/mllm/training_logs/monitor_tvenc680.log,4,,0.08729433684942278,0.3398527111171571,2310,,
/root/autodl-tmp/mmb4dl/mllm/training_logs/monitor_tvenc680.log,5,,0.10626595943170017,0.27724960760717615,2316,,
/root/autodl-tmp/mmb4dl/mllm/training_logs/monitor_tvenc680.log,6,,0.10020763810532422,0.29283888031739036,2319,,
/root/autodl-tmp/mmb4dl/mllm/training_logs/monitor_tvenc680.log,7,,0.10609431779524112,0.338487959014312,2314,,
/root/autodl-tmp/mmb4dl/mllm/training_logs/monitor_tvenc680.log,8,,0.1085157562020807,0.28730257639304974,2320,,
/root/autodl-tmp/mmb4dl/mllm/training_logs/monitor_tvenc680.log,9,,0.11280106648719569,0.33044560355057795,2320,,
/root/autodl-tmp/mmb4dl/mllm/training_logs/monitor_tvenc680.log,10,,0.11042791171807773,0.32051561537367895,2322,,
/root/autodl-tmp/mmb4dl/mllm/training_logs/monitor_tvenc680.log,11,,0.10650315403734407,0.3376706918874024,2317,,
/root/autodl-tmp/mmb4dl/mllm/training_logs/monitor_tvenc680.log,12,,0.108049399169222,0.3432731142888331,2315,,
/root/autodl-tmp/mmb4dl/mllm/training_logs/monitor_tvenc680.log,13,,0.10670151195577691,0.3669391407209694,2321,,
/root/autodl-tmp/mmb4dl/mllm/training_logs/monitor_tvenc680.log,14,,0.09809125295468805,0.3496840152954915,2317,,
/root/autodl-tmp/mmb4dl/mllm/training_logs/monitor_tvenc680.log,15,,0.10829187271269856,0.34670074794395206,2328,,
/root/autodl-tmp/mmb4dl/mllm/training_logs/monitor_tvenc680.log,16,,0.10699090306251106,0.34816264441988826,2324,,
/root/autodl-tmp/mmb4dl/mllm/training_logs/monitor_tvenc680.log,17,,0.11140213993213027,0.34506637932676476,2328,,
/root/autodl-tmp/mmb4dl/mllm/training_logs/monitor_tvenc680.log,18,,0.10698711177992544,0.3513266893979267,2327,,
/root/autodl-tmp/mmb4dl/mllm/training_logs/monitor_tvenc680.log,19,,0.1097303637663309,0.35225460019321936,2326,,
/root/autodl-tmp/mmb4dl/mllm/training_logs/monitor_tvenc680.log,19,,0.1097303637663309,0.35225460019321936,2326,,
/root/autodl-tmp/mmb4dl/mllm/training_logs/tfval_noleak/driver.log,,2248,0.11275871961340633,0.3303647786123616,2320,,
/root/autodl-tmp/mmb4dl/mllm/training_logs/tfval_noleak/driver.log,,19450,0.08094373987524119,0.30092575148959266,18746,,
/root/autodl-tmp/mmb4dl/mllm/training_logs/tfval_noleak/driver.log,,19450,0.0817935245812873,0.3274001043167796,18717,,
/root/autodl-tmp/mmb4dl/mllm/training_logs/tfval_noleak/driver.log,,1991,0.13846383924247196,0.3318216805887862,2007,,
/root/autodl-tmp/mmb4dl/mllm/training_logs/tfval_noleak/calib_tvenc680_oldval.log,,2248,0.11275871961340633,0.3303647786123616,2320,,
/root/autodl-tmp/mmb4dl/mllm/training_logs/tfval_noleak/tvenc680_internal_fresh.log,,19450,0.08094373987524119,0.30092575148959266,18746,,
/root/autodl-tmp/mmb4dl/mllm/training_logs/tfval_noleak/tvenc_internal_fresh.log,,19450,0.0817935245812873,0.3274001043167796,18717,,
/root/autodl-tmp/mmb4dl/mllm/training_logs/tfval_noleak/tvenc_oov500.log,,1991,0.13846383924247196,0.3318216805887862,2007,,
/root/autodl-tmp/mmb4dl/mllm/training_logs/tfval_threshold/sweep_tvenc680_valthin.log,,,0.11278814749676529,0.3304296134281787,2320,0.09181034482758621,213
/root/autodl-tmp/mmb4dl/mllm/training_logs/tfval_threshold/sweep_tvenc680_valthin.log,,,0.11325073633068274,0.26388963824219697,2322,0.08527131782945736,198
/root/autodl-tmp/mmb4dl/mllm/training_logs/tfval_threshold/sweep_tvenc680_valthin.log,,,0.11477035677047381,0.28269585266340236,2321,0.08746230073244292,203
/root/autodl-tmp/mmb4dl/mllm/training_logs/tfval_threshold/sweep_tvenc680_valthin.log,,,0.11528829916913554,0.2958416310667138,2321,0.0913399396811719,212
/root/autodl-tmp/mmb4dl/mllm/training_logs/tfval_threshold/sweep_tvenc680_valthin.log,,,0.11524296614763169,0.30912955602113834,2321,0.0913399396811719,212
/root/autodl-tmp/mmb4dl/mllm/training_logs/tfval_threshold/sweep_tvenc680_valthin.log,,,0.11462638792868882,0.31767214930676047,2320,0.09224137931034483,214
/root/autodl-tmp/mmb4dl/mllm/training_logs/tfval_threshold/sweep_tvenc680_valthin.log,,,0.11365704664668352,0.3245398389315988,2320,0.09267241379310345,215
/root/autodl-tmp/mmb4dl/mllm/training_logs/tfval_threshold/sweep_tvenc680_valthin.log,,,0.1117713042358297,0.3355050564517184,2319,0.09141871496334628,212
/root/autodl-tmp/mmb4dl/mllm/training_logs/tfval_threshold/sweep_tvenc680_valthin.log,,,0.10946150643469532,0.33995549948137466,2319,0.08969383354894352,208
/root/autodl-tmp/mmb4dl/mllm/training_logs/tfval_threshold/sweep_tvenc680_valthin.log,,2248,0.11278814749676529,0.3304296134281787,2320,0.09181034482758621,213
/root/autodl-tmp/mmb4dl/mllm/training_logs/tfval_threshold/sweep_tvenc_valthin.log,,,0.10368124784533074,0.3377082899395959,2322,0.08397932816537468,195
/root/autodl-tmp/mmb4dl/mllm/training_logs/tfval_threshold/sweep_tvenc_valthin.log,,,0.10595388808492304,0.26256572158401065,2325,0.07096774193548387,165
/root/autodl-tmp/mmb4dl/mllm/training_logs/tfval_threshold/sweep_tvenc_valthin.log,,,0.10612095999936119,0.28183957012150845,2324,0.0774526678141136,180
/root/autodl-tmp/mmb4dl/mllm/training_logs/tfval_threshold/sweep_tvenc_valthin.log,,,0.10569116754019697,0.2965533943084763,2324,0.07917383820998279,184
/root/autodl-tmp/mmb4dl/mllm/training_logs/tfval_threshold/sweep_tvenc_valthin.log,,,0.10549455416065386,0.3141359348052427,2323,0.08136030994403788,189
/root/autodl-tmp/mmb4dl/mllm/training_logs/tfval_threshold/sweep_tvenc_valthin.log,,,0.10465489555191088,0.3235584487335007,2323,0.08222126560482135,191
/root/autodl-tmp/mmb4dl/mllm/training_logs/tfval_threshold/sweep_tvenc_valthin.log,,,0.10428605217379468,0.33081268404078445,2322,0.0818260120585702,190
/root/autodl-tmp/mmb4dl/mllm/training_logs/tfval_threshold/sweep_tvenc_valthin.log,,,0.10244962442930208,0.34368354697501774,2322,0.08440999138673558,196
/root/autodl-tmp/mmb4dl/mllm/training_logs/tfval_threshold/sweep_tvenc_valthin.log,,,0.10087524647887215,0.3485903094868552,2322,0.08354866494401378,194
/root/autodl-tmp/mmb4dl/mllm/training_logs/tfval_threshold/sweep_tvenc_valthin.log,,2248,0.10368124784533074,0.3377082899395959,2322,0.08397932816537468,195
/root/autodl-tmp/mmb4dl/mllm/training_logs/chain_overnight/stage3_tfval_internal_full.log,,20424,0.0856185041113777,0.31203498757409104,19740,0.05805471124620061,1146
/root/autodl-tmp/mmb4dl/mllm/training_logs/chain_overnight/stage4_tfval_valthin.log,,2248,0.10887731460141929,0.35195071406045864,2325,0.08989247311827957,209
/root/autodl-tmp/mmb4dl/mllm/training_logs/phase2/stage0b_smoke.log,0,,0.010905452261341089,0.010068562651014424,32,0.0,0
/root/autodl-tmp/mmb4dl/mllm/training_logs/phase2/reasonseg-lossA1-bal-dice.log,0,,0.03677518332459183,0.0446241703112644,2251,0.019102621057307864,43
/root/autodl-tmp/mmb4dl/mllm/training_logs/phase2/reasonseg-lossA1-bal-dice.log,1,,0.04089122441571604,0.04740406878700931,2251,0.025322079075966238,57
/root/autodl-tmp/mmb4dl/mllm/training_logs/phase2/reasonseg-lossA1-bal-dice.log,2,,0.06247487483548674,0.06337271994848825,2251,0.04575744113727232,103
/root/autodl-tmp/mmb4dl/mllm/training_logs/phase2/reasonseg-lossA1-bal-dice.log,3,,0.061501429858423384,0.058052014835115906,2251,0.047090182141270545,106
/root/autodl-tmp/mmb4dl/mllm/training_logs/phase2/reasonseg-lossA2-plain-tversky.log,0,,0.0714409143756878,0.4272036241451738,2174,0.07129714811407543,155
/root/autodl-tmp/mmb4dl/mllm/training_logs/phase2/reasonseg-lossA2-plain-tversky.log,1,,0.1087247450693694,0.46417416090218844,2173,0.09526000920386563,207
/root/autodl-tmp/mmb4dl/mllm/training_logs/phase2/reasonseg-lossA2-plain-tversky.log,2,,0.11964889067178382,0.43110509661883817,2177,0.0983004134129536,214
/root/autodl-tmp/mmb4dl/mllm/training_logs/phase2/reasonseg-lossA2-plain-tversky.log,3,,0.12546246660877702,0.45637886150459517,2180,0.10137614678899083,221
/root/autodl-tmp/mmb4dl/mllm/training_logs/phase2/reasonseg-lossA3-bal-tversky.log,0,,0.04194814109139039,0.04999785796512214,2251,0.02132385606397157,48
/root/autodl-tmp/mmb4dl/mllm/training_logs/phase2/reasonseg-lossA3-bal-tversky.log,1,,0.04360182064294126,0.0522079480670409,2251,0.02576632607729898,58
/root/autodl-tmp/mmb4dl/mllm/training_logs/phase2/reasonseg-lossA3-bal-tversky.log,2,,0.06704232210527473,0.07056625790863885,2251,0.04886717014660151,110
/root/autodl-tmp/mmb4dl/mllm/training_logs/phase2/reasonseg-lossA3-bal-tversky.log,3,,0.06530366598111571,0.0646110425183433,2251,0.04886717014660151,110
/root/autodl-tmp/mmb4dl/mllm/training_logs/phase2/reasonseg-lossA2-plain-tversky-ext20.log,0,,0.06238299960146296,0.37476865034168566,2166,0.06786703601108034,147
/root/autodl-tmp/mmb4dl/mllm/training_logs/phase2/reasonseg-lossA2-plain-tversky-ext20.log,1,,0.10348930277847572,0.42497463618781905,2171,0.09626900046061723,209
/root/autodl-tmp/mmb4dl/mllm/training_logs/phase2/reasonseg-lossA2-plain-tversky-ext20.log,2,,0.11837935759576845,0.4532386064026011,2192,0.09854014598540146,216
/root/autodl-tmp/mmb4dl/mllm/training_logs/phase2/reasonseg-lossA2-plain-tversky-ext20.log,3,,0.12584824772825232,0.3676887432801781,2169,0.10142923005993545,220
/root/autodl-tmp/mmb4dl/mllm/training_logs/phase2/reasonseg-lossA2-plain-tversky-ext20.log,4,,0.11958122760581118,0.4775804148918463,2172,0.10128913443830571,220
/root/autodl-tmp/mmb4dl/mllm/training_logs/phase2/reasonseg-lossA2-plain-tversky-ext20.log,5,,0.13214360102042252,0.3197041348369104,2174,0.10947562097516099,238
/root/autodl-tmp/mmb4dl/mllm/training_logs/phase2/reasonseg-lossA2-plain-tversky-ext20.log,6,,0.13250100500659048,0.49280270583908975,2172,0.11141804788213629,242
/root/autodl-tmp/mmb4dl/mllm/training_logs/phase2/reasonseg-lossA2-plain-tversky-ext20.log,7,,0.12792184063738804,0.5069491705903323,2179,0.10876548875631023,237
/root/autodl-tmp/mmb4dl/mllm/training_logs/phase2/reasonseg-lossA2-plain-tversky-ext20.log,8,,0.13133299608191337,0.43357152828674134,2176,0.10661764705882353,232
/root/autodl-tmp/mmb4dl/mllm/training_logs/phase2/reasonseg-lossA2-plain-tversky-ext20.log,9,,0.12814281008597816,0.44453288050506123,2174,0.10487580496780129,228
/root/autodl-tmp/mmb4dl/mllm/training_logs/phase2/reasonseg-lossA2-plain-tversky-ext20.log,10,,0.1335547601139158,0.4837268273206659,2176,0.11397058823529412,248
/root/autodl-tmp/mmb4dl/mllm/training_logs/phase2/reasonseg-lossA2-plain-tversky-ext20.log,11,,0.13841477686343945,0.4872668187357435,2179,0.11977971546581001,261
/root/autodl-tmp/mmb4dl/mllm/training_logs/phase2/reasonseg-lossA2-plain-tversky-ext20.log,12,,0.1371026368230786,0.4387169588640307,2181,0.11370930765703806,248
/root/autodl-tmp/mmb4dl/mllm/training_logs/phase2/reasonseg-lossA2-plain-tversky-ext20.log,13,,0.1387390665534938,0.4588697703217897,2185,0.11212814645308924,245
/root/autodl-tmp/mmb4dl/mllm/training_logs/phase2/reasonseg-lossA2-plain-tversky-ext20.log,14,,0.14011234807565995,0.5158031465254461,2187,0.11934156378600823,261
/root/autodl-tmp/mmb4dl/mllm/training_logs/phase2/reasonseg-lossA2-plain-tversky-ext20.log,15,,0.1443717195598174,0.5059016913342848,2182,0.12144821264894592,265
/root/autodl-tmp/mmb4dl/mllm/training_logs/phase2/reasonseg-lossA2-plain-tversky-ext20.log,16,,0.14166658158814077,0.44921606410702614,2184,0.11538461538461539,252
/root/autodl-tmp/mmb4dl/mllm/training_logs/phase2/reasonseg-lossA2-plain-tversky-ext20.log,17,,0.1422276735167177,0.4579795319963618,2178,0.1147842056932966,250
/root/autodl-tmp/mmb4dl/mllm/training_logs/phase2/reasonseg-lossA2-plain-tversky-ext20.log,18,,0.14036889258936647,0.4597373259351477,2183,0.11497938616582684,251
/root/autodl-tmp/mmb4dl/mllm/training_logs/phase2/reasonseg-lossA2-plain-tversky-ext20.log,19,,0.14290322157891522,0.49161194794350144,2184,0.11858974358974358,259
/root/autodl-tmp/mmb4dl/mllm/training_logs/phase2/reasonseg-lossA2-plain-tversky-ext20.valthin.log,,2248,0.11555317100836567,0.3279528139101077,2329,0.08029197080291971,187
/root/autodl-tmp/mmb4dl/mllm/training_logs/verify_v123/s2_ctrl_unfiltered_fixed.log,,2248,0.11020134701146936,0.35489833116613956,2297,0.09055289508053983,208
/root/autodl-tmp/mmb4dl/mllm/training_logs/verify_v123/s3_a2_unfiltered_fixed.log,,2248,0.11714357155961427,0.33151345348074107,2297,0.08184588593818024,188
/root/autodl-tmp/mmb4dl/mllm/training_logs/verify_v123/s4_ctrl_reachable.log,,2108,0.11047016272368543,0.3391085270183673,2278,0.09086918349429324,207
/root/autodl-tmp/mmb4dl/mllm/training_logs/verify_v123/s5_a2_reachable.log,,2108,0.11721927032728223,0.3170076815914203,2278,0.08165057067603161,186
/root/autodl-tmp/mmb4dl/mllm/training_logs/phase23/s0b_smoke_b1.log,0,,0.018638581231713653,0.018183471224656786,31,0.0,0
/root/autodl-tmp/mmb4dl/mllm/training_logs/phase23/s0c_reload_b1.log,,32,0.018907208358975924,0.01837867346010372,31,0.0,0
/root/autodl-tmp/mmb4dl/mllm/training_logs/phase23/s2_train_b1.log,0,,0.08173786864550792,0.4629300830174193,2161,0.08190652475705691,177
/root/autodl-tmp/mmb4dl/mllm/training_logs/phase23/s2_train_b1.log,1,,0.10687865001452673,0.38487046283262744,2161,0.0967144840351689,209
/root/autodl-tmp/mmb4dl/mllm/training_logs/phase23/s2_train_b1.log,2,,0.11931145678878413,0.4635449791335654,2161,0.10273021749190189,222
/root/autodl-tmp/mmb4dl/mllm/training_logs/phase23/s2_train_b1.log,3,,0.12174719284762182,0.4569521410040615,2161,0.10273021749190189,222
/root/autodl-tmp/mmb4dl/mllm/training_logs/phase23/s4_tfval_b1.log,,2108,0.1054218072221433,0.27830190823902773,2278,0.08252853380158033,188
/root/segmini.log,0,,0.0,0.0,32,,
/root/segmini2.log,0,,0.0,0.0,32,,
/root/segmini2.log,1,,0.0,0.0,32,,
/root/segmini2.log,2,,0.0,0.0,32,,
/root/segmini2.log,3,,0.0008347851335656213,0.012637362637362638,32,,
/root/segmini2.log,4,,0.0012122844827586207,0.00995575221238938,32,,
/root/segmini2.log,5,,0.002380952380952381,0.012213740458015267,32,,
/root/segmini2.log,6,,0.0026483050847457626,0.016233766233766232,32,,
/root/segmini2.log,7,,0.0,0.0,32,,
/root/segmini2.log,8,,0.00027412280701754384,0.003284072249589491,32,,
/root/segmini2.log,9,,0.0,0.0,32,,
/root/segmini2.log,10,,0.007469315245478036,0.02280701754385965,32,,
/root/segmini2.log,11,,0.0,0.0,32,,
/root/segmini2.log,12,,0.0,0.0,32,,
/root/segmini2.log,13,,0.002717391304347826,0.0017211703958691911,32,,
/root/segmini2.log,14,,0.0,0.0,32,,
/root/segmini2.log,15,,0.002976190476190476,0.0016750418760469012,32,,
/root/segmini_monitor.log,16,,0.015156387928887913,0.16426480858962061,2300,,
/root/segmini_monitor.log,17,,0.013920183206173714,0.17738941750846687,2299,,
/root/segmini_monitor.log,18,,0.014799899853236896,0.177167479083513,2299,,
/root/segmini_monitor.log,19,,0.014545254286765298,0.17965623188243432,2300,,
/root/segmini_monitor.log,16,,0.0966110679902953,0.3288109354133528,2325,,
/root/segmini_monitor.log,17,,0.0966749347258979,0.3429593698697525,2325,,
/root/segmini_monitor.log,18,,0.09211395158530788,0.34108066106810914,2317,,
/root/segmini_monitor.log,19,,0.09797968862299239,0.33551262591417136,2325,,
/root/segtv.log,0,,0.0017760997924940191,0.06864944799979603,2300,,
/root/segtv.log,1,,0.0037236305147680033,0.051307549433751376,2300,,
/root/segtv.log,2,,0.0013878034650791425,0.027773056533527577,2297,,
/root/segtv.log,3,,0.0047670837872857835,0.09566472161168074,2300,,
/root/segtv.log,4,,0.007404443542387424,0.09699160921520576,2300,,
/root/segtv.log,5,,0.007043726893425024,0.12365916150179637,2300,,
/root/segtv.log,6,,0.010250553429179653,0.1464159742218936,2300,,
/root/segtv.log,7,,0.012149301720140072,0.15287816492719414,2300,,
/root/segtv.log,8,,0.009793792381698906,0.11128146123128806,2299,,
/root/segtv.log,9,,0.012465429516756093,0.12894742423278405,2299,,
/root/segtv.log,10,,0.01449707689184186,0.1485734130407718,2301,,
/root/segtv.log,11,,0.013329335488072741,0.12565169996143696,2300,,
/root/segtv.log,12,,0.014829614325075954,0.14187344624892545,2301,,
/root/segtv.log,13,,0.016019452765072956,0.16969726128584003,2301,,
/root/segtv.log,14,,0.016524138363521408,0.17260029113068667,2300,,
/root/segtv.log,15,,0.015119774475132613,0.1383497970126052,2300,,
/root/segtv.log,16,,0.015156387928887913,0.16426480858962061,2300,,
/root/segtv.log,17,,0.013920183206173714,0.17738941750846687,2299,,
/root/segtv.log,18,,0.014799899853236896,0.177167479083513,2299,,
/root/segtv.log,19,,0.014545254286765298,0.17965623188243432,2300,,
/root/seglr5e4.log,0,,1.809127436166487e-05,0.0010761717241911822,2298,,
/root/seglr5e4.log,1,,0.005338287966796529,0.12790002656512883,2297,,
/root/seglr5e4.log,2,,0.002042277930023164,0.08246994485082032,2298,,
/root/segB.log,0,,0.0,0.0,2297,,
/root/segtvenc.log,0,,0.024076399562978704,0.2289400711186507,2300,,
/root/segtvenc.log,1,,0.05286094251793465,0.2837041633262682,2301,,
/root/segtvenc.log,2,,0.037586374475466346,0.19660306892912235,2304,,
/root/segtvenc.log,3,,0.05312973520281736,0.302876753268122,2301,,
/root/segtvenc.log,4,,0.08113746716809858,0.27062060974726626,2363,,
/root/segtvenc.log,5,,0.09741974166659824,0.31078787819594034,2314,,
/root/segtvenc.log,6,,0.08694295030423695,0.2972584747335982,2304,,
/root/segtvenc.log,7,,0.0962145370649422,0.3063269570156399,2313,,
/root/segtvenc.log,8,,0.08468792859282266,0.3184641542627164,2308,,
/root/segtvenc.log,9,,0.09575631456041453,0.3397428092930638,2310,,
/root/segtvenc.log,10,,0.08790252255657832,0.34640721255452134,2310,,
/root/segtvenc.log,11,,0.09277214358375328,0.3553770809403706,2318,,
/root/segtvenc.log,12,,0.09780521319964879,0.3461340794098813,2318,,
/root/segtvenc.log,13,,0.10366375307946787,0.33764380908245967,2322,,
/root/segtvenc.log,14,,0.10095212080445995,0.3385706559704351,2319,,
/root/segtvenc.log,15,,0.1016369641284227,0.33160608337435554,2324,,
/root/segtvenc.log,16,,0.0966110679902953,0.3288109354133528,2325,,
/root/segtvenc.log,17,,0.0966749347258979,0.3429593698697525,2325,,
/root/segtvenc.log,18,,0.09211395158530788,0.34108066106810914,2317,,
/root/segtvenc.log,19,,0.09797968862299239,0.33551262591417136,2325,,
